,X,Y,Z
0,729073.1172022899,4373586.713657245,5.922334160655737
1,729073.1162518722,4373586.712512245,5.9303052658215165
2,729073.1150154165,4373586.712719199,5.929316392168403
3,729073.1119166695,4373586.712473138,5.930323622189462
4,729073.1125255243,4373586.71072203,5.9233076348900795
5,729073.1097812457,4373586.7110215435,5.924321678467095
6,729073.1099157085,4373586.7069310015,5.928372025489807
7,729073.1102132761,4373586.710776233,5.93736126460135
8,729073.1076325877,4373586.7069283165,5.93636904284358
9,729073.1090190897,4373586.7063531615,5.929388540796936
10,729073.1111937725,4373586.710234828,5.938383881002665
11,729073.1088693806,4373586.703433355,5.9453636752441525
12,729073.1131485269,4373586.711836529,5.932350476272404
13,729073.1103364817,4373586.705135848,5.937367680482566
14,729073.111145749,4373586.706778808,5.952329211868346
15,729073.1130254851,4373586.708452993,5.950322483666241
16,729073.1130143199,4373586.70602079,5.941351021640003
17,729073.1159527679,4373586.709921415,5.946331390179694
18,729073.1145432745,4373586.705727771,5.957326133735478
19,729073.113392699,4373586.706248504,5.952351178973913
20,729073.1165614992,4373586.705899532,5.957335091196001
21,729073.1243243329,4373586.708792366,5.98732041195035
22,729073.0285928928,4373586.683546434,5.953317723236978
23,729072.7807477918,4373586.612131725,5.943339992314577
24,729072.3988121572,4373586.500602628,5.983318304643035
25,729072.0023972943,4373586.386752482,5.945310453884304
26,729071.625798696,4373586.2736977,5.98034343495965
27,729071.2347274304,4373586.165985626,5.982314433902502
28,729070.8212905221,4373586.038796402,6.000311369076371
29,729070.2932221695,4373585.807842546,5.998313932679594
30,729069.8057015119,4373585.475581112,5.962279116734862
31,729069.4879999652,4373585.193230699,5.967260390520096
32,729069.3850248244,4373585.080183446,6.012261789292097
33,729069.4706289218,4373585.216112356,5.945253013633192
34,729069.9071951669,4373586.030404943,5.988258404657245
35,729070.5547240525,4373587.720473584,5.977262619882822
36,729071.0735916139,4373590.263223995,6.007298084907234
37,729071.5757749459,4373592.8834859915,5.952289669774473
38,729072.1821805432,4373595.51275953,6.019258763641119
39,729072.8562055423,4373598.0185646145,5.974275268614292
40,729073.4947256509,4373600.272994013,6.005261019803584
41,729074.1355982532,4373602.242482527,6.090274651534855
42,729074.6245643646,4373603.710149309,6.075283421203494
43,729075.0668091483,4373604.938598371,6.116449436172843
44,729075.3821217609,4373605.811563448,6.10443355049938
45,729075.6026802642,4373606.376546673,5.991430312395096
46,729075.8236193913,4373606.978202241,6.030443507246673
47,729076.1880653469,4373607.89679745,5.9464037558063865
48,729077.0864514348,4373609.755127823,5.9963162606582046
49,729078.5592951388,4373612.030711806,5.963316078297794
50,729080.4436323994,4373614.03678117,5.950285175815225
51,729082.5526131836,4373615.5848921165,5.9882718697190285
52,729084.1848729916,4373616.472701832,5.901261551305652
53,729085.0420366181,4373616.818623928,5.962173454463482
54,729085.492129294,4373616.990915707,5.856156130321324
55,729086.8130031693,4373617.39359136,5.8951960587874055
56,729089.3761451177,4373617.841145738,5.845221136696637
57,729093.0220884385,4373617.764623403,5.81423866096884
58,729097.4074999092,4373616.884208631,5.830333872698247
59,729101.8329292813,4373615.597665708,5.863373678177595
60,833979.2905086367,-0.007248552862980172,-49.53449975326657
61,729112.969606729,4373611.931698468,5.8083550576120615
62,729120.0456165954,4373609.608038737,5.776368286460638
63,729128.4258632207,4373606.8480988275,5.818334402516484
64,729137.6501630357,4373603.8266942715,5.824291308410466
65,729147.4643577778,4373600.596105079,5.818312147632241
66,729158.7741506685,4373596.8592722025,5.7622965490445495
67,729171.7681062102,4373592.557874286,5.765259696170688
68,729186.5848642202,4373587.651808269,5.702275341376662
69,729202.20462009,4373582.436786637,5.643308011814952
70,729216.9669554343,4373577.488722568,5.586284989491105
71,729230.1563616409,4373573.054799256,5.5102888979017735
72,729241.2698721197,4373569.446556093,5.550333561375737
73,729250.0793713848,4373566.774300357,5.497348354198039
74,729256.8603862124,4373564.8020029245,5.501339772716165
75,729262.8181119466,4373562.821869879,5.4923643656075
76,729268.4973639952,4373560.472370998,5.499381062574685
77,729274.0216119121,4373558.001163799,5.4213493494316936
78,729279.5246156091,4373555.98470209,5.416397012770176
79,729284.9783700753,4373554.929924052,5.396427871659398
80,729290.397362617,4373555.261174398,5.397385673597455
81,729295.6511124445,4373557.095917332,5.361383409239352
82,729300.371868209,4373560.644386176,5.342398235574365
83,729303.8658688908,4373565.743854171,5.353393189609051
84,729305.7839654483,4373571.881188494,5.3333596885204315
85,729305.7191187476,4373578.468090061,5.294346264563501
86,729303.4328658464,4373584.703076627,5.350359994918108
87,729299.2423572977,4373589.8756074775,5.3823063764721155
88,729293.5336096823,4373593.31904771,5.44323527161032
89,729286.9642326124,4373594.603702145,5.491267057135701
90,729280.3106629691,4373593.487280431,5.479240353219211
91,729274.3723621841,4373590.070836372,5.480236876755953
92,729269.7123597423,4373584.862072514,5.497268442064524
93,729266.9143648898,4373578.353827201,5.505320569500327
94,729266.5551117318,4373571.2743378,5.499314832501113
95,729269.0211142882,4373564.9003621545,5.48032895103097
96,729273.7346230887,4373560.440365828,5.473359689116478
97,729279.6558657137,4373558.19815829,5.4373311214149
98,729286.1223630322,4373557.819986843,5.428388434462249
99,729292.6390502076,4373559.273307911,5.3774249330163
100,729298.4813569946,4373562.8189680865,5.337387493811548
101,729302.4513636766,4373568.400210199,5.344377654604614
102,729303.7161075752,4373575.088443486,5.311386715620756
103,729302.2281077668,4373581.851698012,5.353378650732338
104,729299.2454888105,4373588.577552548,5.395349447615445
105,729296.584356347,4373596.258430448,5.443356392905116
106,729295.2718633565,4373605.343135816,5.43135720025748
107,729295.9241131421,4373614.751635132,5.390312145464122
108,729298.3783619468,4373623.862580809,5.3623041128739715
109,729301.7343660119,4373633.380532929,5.261320250108838
110,729305.3288563549,4373643.724268615,5.034284139052033
111,729309.1496123581,4373654.868502492,4.870286096818745
112,729313.1993592387,4373666.627994586,4.717306552454829
113,729317.2961072773,4373678.79101986,4.62930749822408
114,729321.3358671704,4373690.740442578,4.496291037648916
115,729325.286599928,4373702.259079336,4.444294875487685
116,729329.1121033531,4373713.417566004,4.362302899360657
117,729332.8120970568,4373724.472365565,4.215292108245194
118,729336.3758458011,4373735.465616228,4.248321454040706
119,729339.6789301843,4373746.431235298,4.308396813459694
120,729342.373955171,4373757.548517803,4.379415811039507
121,729343.9005342756,4373769.112197282,4.454452148638666
122,729343.7975913214,4373781.047717882,4.521467248909175
123,729341.8631937285,4373792.973651478,4.524448220618069
124,729338.6918432156,4373804.296213964,4.499397248029709
125,729334.746586021,4373814.921696778,4.476374479010701
126,729330.3333434465,4373824.707409687,4.506348513998091
127,729326.4130811584,4373832.819420818,4.483288848772645
128,729323.6503366369,4373839.546149785,4.435273676179349
129,729322.5704509334,4373846.3717129305,4.384279010817409
130,729323.9585820072,4373853.156611958,4.4402503510937095
131,729326.8653332675,4373859.683329243,4.487247156910598
132,729329.0600881906,4373866.676843744,4.524253501556814
133,729329.5428338209,4373874.170092419,4.559248783625662
134,729327.7669379285,4373881.653519317,4.544260491617024
135,729323.4160816486,4373888.23342565,4.532288226298988
136,729316.7848261783,4373892.8187112445,4.543337054550648
137,729308.8150724473,4373894.506805644,4.51931743696332
138,729300.7375670733,4373893.043111309,4.4983284259215
139,729293.5640680623,4373888.853120184,4.469373734667897
140,729288.0080657349,4373882.458403889,4.49934334307909
141,729285.0735699695,4373874.406415714,4.5403500916436315
142,729285.497316312,4373865.836162459,4.447357809171081
143,729289.1450683093,4373858.219889025,4.437338992021978
144,729295.2190672152,4373852.602635535,4.455326111055911
145,729303.6971652209,4373849.048067322,4.477323447354138
146,729311.0268265994,4373849.759543101,4.485335444100201
147,729318.5813190904,4373852.903040788,4.493293013423681
148,729324.3140688952,4373858.690024847,4.515275763347745
149,729327.2707477608,4373866.221346107,4.544285318814218
150,729327.1110727291,4373874.379732842,4.577249499037862
151,729324.1475732451,4373882.086727847,4.565243504010141
152,729318.6023229852,4373888.117721989,4.561249820515513
153,729311.1890684667,4373891.470230526,4.545228165574372
154,729303.1180722873,4373891.334254095,4.533217336982489
155,729295.5785667221,4373888.1485237125,4.512219781987369
156,729287.9753194879,4373884.084519629,4.46122966427356
157,729278.9903172192,4373880.810542001,4.392209588550031
158,729268.5896694587,4373879.266557128,4.186205267906189
159,729257.460072093,4373879.564527512,3.9222279665991664
160,729246.3442588847,4373880.700814058,3.934207249432802
161,729235.5113189832,4373882.11829558,3.907213693484664
162,729225.1183219643,4373883.503039499,3.8992440020665526
163,729215.1816194983,4373884.674701371,3.9472417570650578
164,729205.7229807407,4373885.62069387,3.9872418846935034
165,729196.6585680484,4373886.519040893,3.996245094574988
166,729187.9030160311,4373887.307092127,4.018256641924381
167,729179.4275705141,4373888.120766829,4.030224208720028
168,729171.090226935,4373888.772471427,4.096206922084093
169,729162.7125698902,4373889.298239135,4.128198321908712
170,729154.2464396774,4373889.766369603,4.231126037426293
171,729145.7533126194,4373890.002264132,4.259099887683988
172,729137.1628088657,4373889.404252118,4.231076861731708
173,729128.564332824,4373888.093628656,4.258062036707997
174,729120.1395553942,4373886.06576331,4.219063042663038
175,729111.714804497,4373883.899253959,4.2460680631920695
176,729103.3003722075,4373882.0542384405,4.273052563890815
177,729094.8410553071,4373880.572037238,4.25300816539675
178,729086.3428016363,4373879.483547572,4.300994319841266
179,729077.8718248182,4373878.59475861,4.354036051779985
180,729069.4465244404,4373877.520046877,4.340003145858645
181,729060.0909080199,4373876.639880999,4.361014743335545
182,729052.6823010573,4373875.223847291,4.455012514255941
183,729044.2344219657,4373874.196613593,4.490971422754228
184,729035.7833540159,4373873.272086936,4.511944010853767
185,729027.3275416228,4373872.56815979,4.5789396073669195
186,729018.7972906493,4373871.946847407,4.623926743865013
187,729010.2275319378,4373871.3234287,4.698860892094672
188,729001.5215346091,4373870.637899101,4.7288351925089955
189,728992.7277841177,4373869.819625795,4.774833718314767
190,728983.9066015182,4373868.7213414945,4.7997673638165
191,728975.0912736668,4373867.479395182,4.845733123831451
192,728966.3020255985,4373866.189191469,4.855723316781223
193,728957.6672665912,4373864.879434581,4.918652031570673
194,728949.1528347458,4373863.5714382,4.954595790244639
195,728940.8750115687,4373862.366954191,4.958612025715411
196,728933.0455261196,4373861.237649567,4.993601506575942
197,728926.0320012104,4373860.270504076,5.06653668358922
198,728920.8651128318,4373859.654387043,5.1455251490697265
199,728918.1537556057,4373859.483460072,5.2435049172490835
200,728917.0779597457,4373859.457279003,5.311426168307662
201,728916.7124974489,4373859.4462047955,5.331378451548517
202,728916.1022440132,4373859.428713264,5.3413844387978315
203,728913.1987905474,4373859.369875531,5.424321020953357
204,728908.3763703019,4373859.189969068,5.494220550172031
205,728902.7549820446,4373858.755939779,5.557186961174011
206,728896.4665042771,4373858.147061161,5.581172704696655
207,728888.4164674707,4373857.391695718,5.6040368201211095
208,728878.775726236,4373856.410121478,5.632984689436853
209,728868.8313875566,4373855.108444803,5.6379593731835485
210,728858.1717215667,4373853.491553398,5.668857105076313
211,728846.5389621363,4373851.614094181,5.688738279975951
212,728834.7283445711,4373849.59966987,5.680707387626171
213,728823.2202118342,4373847.606722186,5.698703673668206
214,728812.1887037548,4373845.734300218,5.67060233745724
215,728800.8466354229,4373844.302823056,5.682587513700128
216,728792.6864598559,4373842.398193487,5.697581168264151
217,728784.9509508932,4373840.317197167,5.7174981608986855
218,728778.8879073941,4373836.774469709,5.719436723738909
219,728774.7834548124,4373831.5206391765,5.674447723664343
220,728772.3507071881,4373825.065295482,5.71342212613672
221,728769.9541926833,4373817.853385134,5.751296567730606
222,728767.232587743,4373809.68707382,5.7852919371798635
223,728764.3014564714,4373800.890727212,5.818277566693723
224,728761.3441944867,4373792.176261499,5.867160020396113
225,728758.5187027144,4373783.905664897,5.8931282656267285
226,728756.0177021826,4373776.567143973,5.928111425600946
227,728753.9974522132,4373770.903341551,5.97202458512038
228,728752.7641810819,4373768.245399708,5.985881587490439
229,728752.3651895833,4373767.55255686,6.00388390943408
230,728752.2111926442,4373767.299981339,6.00584880169481
231,728751.9151778771,4373766.8213033825,6.0007129199802876
232,728750.5631925878,4373765.18169134,6.023692337796092
233,728747.7551904141,4373762.77714297,6.051695376634598
234,728743.81993438,4373759.9556068145,6.093586969189346
235,728739.7842711677,4373757.048610152,6.146523596718907
236,728735.3784481618,4373753.507965658,6.1445542043074965
237,728731.2732008517,4373748.662616887,6.1595219150185585
238,728728.1674415173,4373742.462951911,6.1564176911488175
239,728726.777697338,4373735.336113753,6.151419783942401
240,728727.5484514325,4373728.133812813,6.13547879178077
241,728730.5116941384,4373721.407151212,6.142383222468197
242,728735.4261965941,4373715.707138474,6.14436433557421
243,728741.9789440293,4373711.673138113,6.160441876389086
244,728749.5929484635,4373709.844630672,6.134383511729538
245,728757.510186012,4373710.373430476,6.146339163184166
246,728764.9674441272,4373713.254904346,6.2393898302689195
247,728771.1001998323,4373718.254550275,6.239461811259389
248,728775.2591944017,4373724.755605794,6.253420687280595
249,728777.19795456,4373732.2279860545,6.231449498794973
250,728776.7489688932,4373740.061881204,6.168531640432775
251,728773.8129747018,4373747.504356898,6.127474717795849
252,728768.6272256407,4373753.782002208,6.096453357487917
253,728761.6314845547,4373758.134202775,6.0725147454068065
254,728753.7002375094,4373760.013353416,6.065502983517945
255,728745.7299834446,4373759.302624159,6.079456780105829
256,728738.4344922169,4373756.204799208,6.11844221316278
257,728732.4739965663,4373751.0377216,6.145441334694624
258,728728.4139903289,4373744.263234098,6.135384423658252
259,728726.7187391,4373736.532171199,6.147331551648676
260,728727.4840081064,4373728.770063713,6.1344103226438165
261,728730.4277565214,4373721.7820377145,6.148369802162051
262,728735.1607558082,4373716.0977689335,6.151337197050452
263,728741.4745145105,4373712.03822429,6.181409011594951
264,728749.0147676663,4373710.104455217,6.138400265015662
265,728757.0012633681,4373710.652208519,6.162390501238406
266,728764.6582648125,4373713.503407002,6.258423744700849
267,728771.7375238035,4373717.318597806,6.214411607943475
268,728778.9505203603,4373720.222323211,6.118338942527771
269,728786.3800181458,4373721.0662601665,6.108225099742413
270,728793.8602677269,4373719.815921238,6.142152971588075
271,728801.2977685016,4373717.213060984,6.176055385731161
272,728808.9842597257,4373714.318783114,6.167916297912598
273,728817.0332657124,4373711.524914922,6.183835840784013
274,728825.3467590648,4373708.813875647,6.206739312969148
275,728833.8210013822,4373705.993570028,6.234593527391553
276,728842.4080058141,4373703.046224501,6.266509003937244
277,728850.9340090929,4373700.168356273,6.285437986254692
278,728859.1262581014,4373697.443742094,6.3193384148180485
279,728866.8197643769,4373694.855856676,6.33127258438617
280,728874.0857724455,4373692.359675066,6.337202879600227
281,728881.0062840823,4373689.969513956,6.364146153442562
282,728887.65203758,4373687.636388287,6.389050735160708
283,728893.9252920096,4373685.3987345705,6.427010932937264
284,728899.1505525999,4373682.672101509,6.413977210409939
285,728902.8990481261,4373678.58877493,6.439910850487649
286,728904.7983050118,4373673.621908947,6.422844275832176
287,728904.9643124026,4373668.512589091,6.440830212086439
288,728904.1960600954,4373663.553985705,6.564722708426416
289,728902.9363181493,4373658.433634509,6.641667746938765
290,728901.238565371,4373652.860255888,6.608618036843836
291,728899.1190717911,4373646.469130505,6.617582784965634
292,728896.7018318116,4373639.298544624,6.5985594149678946
293,728894.0598395001,4373631.592469853,6.5745361261069775
294,728891.3338495528,4373623.567876387,6.425600595772266
295,728888.5853524808,4373615.51934981,6.421625979244709
296,728885.9711045944,4373607.694530989,6.458620542660356
297,728882.7570088697,4373599.449846029,6.556651020422578
298,728881.1453727875,4373593.223843111,6.631617891602218
299,728879.0183786349,4373586.850740176,6.663591464050114
300,728877.1541293757,4373581.390649884,6.742514901794493
301,728875.5848824033,4373576.835272033,6.7614741679281
302,728874.1626369838,4373572.484173983,6.782423814758658
303,728872.6423812654,4373567.773357307,6.821337856352329
304,728870.9716437126,4373562.5937598655,6.830306305550039
305,728869.1196442068,4373556.965203099,6.828256507404149
306,728867.2368877947,4373551.138148022,6.850157167762518
307,728865.3576482516,4373545.245788819,6.882119179703295
308,728863.472142081,4373539.33422502,6.896053297445178
309,728861.6068694033,4373533.405305523,6.882979679852724
310,728859.7699210919,4373527.478886909,6.925916470587254
311,728857.9681468937,4373521.612338165,6.989873705431819
312,728856.1678932266,4373515.904309949,7.003848245367408
313,728854.4114778959,4373510.394145879,7.026767372153699
314,728852.6481775164,4373505.200216179,7.011749513447285
315,728850.9626387685,4373500.412258811,6.982706199400127
316,728849.3361328789,4373495.881205616,6.970603642053902
317,728848.0033817447,4373491.667643451,6.972531038336456
318,728847.5652537626,4373487.743610833,7.021442331373692
319,728848.8103863315,4373484.420226308,7.005337931215763
320,728851.7426294425,4373482.240102485,7.036190753802657
321,728855.755878367,4373480.983292551,7.026088619604707
322,833979.2908826151,-0.01613531670087087,-49.538276634179056
323,833979.2909269496,-0.01630140500070145,-49.5383486635983
324,833979.2909420059,-0.016489985259081182,-49.53837769199163
325,833979.2909810466,-0.016646700892092487,-49.53844160865992
326,833979.2910281735,-0.016863954512833783,-49.53851984068751
327,833979.2910651448,-0.01706677234797804,-49.53858245257288
328,833979.2910755114,-0.017272746066145886,-49.53860540315509
329,833979.291098661,-0.01750588801185816,-49.53864859882742
330,833979.2911459518,-0.017664706492482148,-49.53872534446418
331,833979.2911339212,-0.01788031943961049,-49.53871534578502
332,833979.2911602005,-0.01803652741358817,-49.53876062761992
333,833979.2911935743,-0.018244253374871656,-49.53881857264787
334,833979.2911975773,-0.01849027538688417,-49.53883405495435
335,833979.2912144756,-0.018723060845071332,-49.53886848408729
336,833979.2912354944,-0.019045313741280632,-49.538912776857615
337,833979.2912843579,-0.01931372994783328,-49.53899687901139
338,833979.2913005573,-0.01961577487357451,-49.53903352189809
339,833979.2913362691,-0.01988556774730392,-49.53909829352051
340,833979.2914035749,-0.020116603568813472,-49.53920901566744
341,833979.2914158185,-0.02037346882458723,-49.53923831414431
342,833979.2914552619,-0.02057824764249563,-49.53930634073913
343,833979.2914964523,-0.020821050139302875,-49.53937875200063
344,833979.2915247997,-0.021072462203461397,-49.539432391524315
345,833979.291557747,-0.021324097695731993,-49.53949309140444
346,833979.2915615215,-0.02167403188847113,-49.539514566771686
347,833979.2915836399,-0.02195867975405105,-49.53956084791571
348,833979.291561207,-0.02232615920671928,-49.539544235914946
349,833979.2915681452,-0.022656784943868493,-49.53957028500736
350,833979.2916012101,-0.023001818689884816,-49.53963652532548
351,833979.2915936012,-0.023371324384397946,-49.539643093943596
352,833979.291615143,-0.023682385497375197,-49.53969085030258
353,833979.2916304753,-0.024071459162780376,-49.539733421988785
354,833979.2916351582,-0.024429659237021947,-49.5397587204352
355,833979.2916307349,-0.024833695847520314,-49.53977298922837
356,833979.291624323,-0.025279796312643057,-49.53978684451431
357,833979.291650288,-0.02570806415405724,-49.539848836138844
358,729022.8049368917,4373451.125324073,6.417204516008496
359,729025.2371475587,4373458.034699706,6.425919208675623
360,729027.8757771815,4373465.273498452,6.433573374524713
361,729030.4754407915,4373472.540477112,6.398265968076885
362,729032.8463288255,4373479.470360494,6.388958930969238
363,729035.0054905816,4373485.909500005,6.335643799975514
364,729036.9776072985,4373491.824982198,6.320325189270079
365,729038.802549438,4373497.239687521,6.301989600993693
366,729040.5148612952,4373502.468813266,6.267640016041696
367,729042.0691609574,4373507.23562205,6.259236635640264
368,729043.4380397263,4373511.387255716,6.273860403336585
369,729044.8641748398,4373515.313509259,6.207449899986386
370,729046.2894550728,4373519.125641634,6.219041230157018
371,729047.6817351797,4373522.958864507,6.209695086814463
372,729049.1844694442,4373527.154667742,6.194371119141579
373,729050.7230492169,4373531.640187004,6.19402548763901
374,729052.2019343068,4373536.088454712,6.186686544679105
375,729053.6399699375,4373540.4939500475,6.175381080247462
376,729055.0360206574,4373544.843156331,6.137015117332339
377,729056.4478809804,4373549.053259865,6.130622949451208
378,729057.821146889,4373552.994383656,6.100235657766461
379,729059.2352798977,4373556.429530725,6.106841627508402
380,729060.4990819371,4373559.32017349,6.0933999782428145
381,729061.4746411082,4373561.510498014,6.076951458118856
382,729062.1422427467,4373563.094886889,6.080517506226897
383,729062.6779735954,4373564.506114907,6.060014059767127
384,729063.1629473417,4373565.69868308,6.067484991624951
385,729063.3746860019,4373566.248124518,6.047957482747734
386,729063.4291567014,4373566.393373604,6.047430861741304
387,729063.4323826066,4373566.39116332,6.050856100395322
388,729063.4301080222,4373566.391386807,6.047312423586845
389,729063.4316587074,4373566.390042492,6.05077447835356
390,729063.4310602886,4373566.389044106,6.047183398157358
391,729063.4297822702,4373566.389526658,6.045625854283571
392,729063.4297644129,4373566.389924754,6.0440630884841084
393,729063.4304885212,4373566.388780914,6.0454869186505675
394,729063.4284662245,4373566.386915351,6.0468811662867665
395,729063.4301877306,4373566.386985728,6.044312736019492
396,729063.428918115,4373566.386347868,6.047773859463632
397,729063.4313950895,4373566.3857432,6.046185082755983
398,729063.4338726983,4373566.382371903,6.047647988423705
399,729063.436374372,4373566.380869128,6.049139795824885
400,729063.4325745219,4373566.379173015,6.052585392259061
401,729063.4340447343,4373566.378561582,6.050024949945509
402,729063.4332610106,4373566.37839805,6.048438463360071
403,729063.4347303893,4373566.378468783,6.05081360321492
404,729063.4359408738,4373566.376136302,6.053167847916484
405,729063.4334144212,4373566.377527811,6.046501182951033
406,729063.432876829,4373566.376478993,6.043887828476727
407,729063.4325864807,4373566.374236231,6.04517559055239
408,729063.4318071578,4373566.375661061,6.037530077621341
409,729063.4312715435,4373566.372612053,6.035890864208341
410,729063.4324850627,4373566.373056326,6.034192309714854
411,729063.430698405,4373566.371994801,6.036530502140522
412,729063.4321631115,4373566.370176633,6.040882142260671
413,729063.4298676087,4373566.368798445,6.039220021106303
414,729063.4272138935,4373566.368305838,6.046527584083378
415,729063.4287840163,4373566.367675804,6.027853406965733
416,729063.427996107,4373566.3683581,6.026237734593451
417,729063.4276895819,4373566.366618,6.029524423182011
418,729063.4294023728,4373566.364347673,6.028874873183668
419,729063.4264155009,4373566.365143026,6.04228381998837
420,729063.4290655565,4373566.362827073,6.026629169471562
421,729063.4267626907,4373566.361793977,6.022990467958152
422,729063.4277219747,4373566.363784317,6.020381989888847
423,729063.4257061711,4373566.363409209,6.0297288922593
424,729063.4243796242,4373566.361727612,6.012127274647355
425,729063.427076026,4373566.360419415,6.013499329797924
426,729063.4250399618,4373566.361580248,6.010939821600914
427,729063.424737942,4373566.3590625385,6.014296273700893
428,729063.424945243,4373566.358973182,6.013698790222406
429,729063.4110306674,4373566.363891089,6.007106012664735
430,729063.4140733059,4373566.365407258,6.008440642617643
431,729063.4161486782,4373566.361863155,6.023805840872228
432,729063.4137419583,4373566.358658889,6.014223022386432
433,729063.4149280776,4373566.356997422,6.015547816641629
434,729063.4178304683,4373566.360499558,6.010889514349401
435,729063.4148204179,4373566.358653495,6.013232585974038
436,729063.4167592223,4373566.355442916,6.014597091823816
437,729063.4161918245,4373566.354312274,6.009898322634399
438,729063.4148748135,4373566.356627986,6.006197402253747
439,729063.418320297,4373566.357411005,5.997572176158428
440,729063.4179892871,4373566.357546823,5.996816412545741
441,729063.4196689464,4373566.355839993,5.994096366688609
442,729063.4178471441,4373566.354421093,5.995400803163648
443,729063.4142685707,4373566.356198648,5.996648825705051
444,729063.4164525914,4373566.351760907,6.00390309933573
445,729063.4138549541,4373566.353553167,5.988167901523411
446,729063.4165357478,4373566.350289753,5.99250078573823
447,729063.4182008745,4373566.348422876,5.988744638860226
448,729063.4178752498,4373566.344198275,5.985060407780111
449,729063.4178016523,4373566.345989574,5.989443923346698
450,729063.4157121435,4373566.346098675,5.98370046634227
451,729063.4093855568,4373566.343632942,5.982043253257871
452,729063.4123092487,4373566.345230217,5.972410762682557
453,729063.410728916,4373566.349281721,5.964748239144683
454,729063.4093932097,4373566.347672099,5.959077140316367
455,729063.4110634788,4373566.34695418,5.964447705075145
456,729063.4117433514,4373566.342474465,5.9678321508690715
457,729063.4141445121,4373566.339389885,5.967115566134453
458,729063.4123100874,4373566.33663656,5.969451596029103
459,729063.4065491793,4373566.338337083,5.991865850053728
460,729063.4056300145,4373566.330482768,5.9781311098486185
461,729063.4049123061,4373566.335517657,5.989451864734292
462,729063.4097009987,4373566.333592637,5.971818369813263
463,729063.4066923893,4373566.332183925,5.989093355834484
464,729063.407495187,4373566.333466698,5.974340934306383
465,729063.4063863615,4373566.33191091,5.979594896547496
466,729063.4048713627,4373566.330636719,5.984909828752279
467,729063.4089069224,4373566.327631715,5.981011149473488
468,729063.4097776047,4373566.3237213325,5.984192408621311
469,729063.4116649161,4373566.320888206,5.9834127789363265
470,729063.4107720659,4373566.319472032,5.98148288205266
471,729063.4096337038,4373566.319892607,5.980593259446323
472,729063.4119980208,4373566.319186138,5.9767473777756095
473,729063.4088574464,4373566.318689452,5.969889622181654
474,729063.4029951056,4373566.3217755,5.979895262978971
475,729063.4075400665,4373566.317542681,5.965952757745981
476,729063.413892566,4373566.3135005245,5.974059819243848
477,729063.4137020281,4373566.310500573,5.9789186818525195
478,729063.4132682967,4373566.310617335,5.973859254270792
479,729063.4096987727,4373566.31406257,5.977837613783777
480,729063.4066415487,4373566.315330523,5.976675355806947
481,729063.2388297408,4373566.238668558,5.982461960054934
482,729063.4256609402,4373566.30579996,5.970355699770153
483,729063.4217969178,4373566.303401692,5.969267642125487
484,729063.4211821015,4373566.302259613,5.97200708463788
485,729063.4231315082,4373566.300873339,5.960890858434141
486,729063.4199022383,4373566.29872651,5.9578794334083796
487,729063.4200995958,4373566.301339818,5.956681848503649
488,729063.4190936331,4373566.29710655,5.961596039123833
489,729063.4198091554,4373566.295426383,5.972627628594637
490,729063.42089982,4373566.293823306,5.9486332684755325
491,729063.4199861631,4373566.293068148,5.955538302659988
492,729063.4246369427,4373566.293111759,5.962580928578973
493,729063.4136039425,4373566.296023986,5.951754034496844
494,729063.417890449,4373566.291241231,5.963672255165875
495,729063.4209554459,4373566.295879484,5.9606862757354975
496,729063.4161548088,4373566.291616624,5.950825672596693
497,729063.4171525713,4373566.28977919,5.941780614666641
498,729063.4188154717,4373566.287241669,5.944736399687827
499,729063.4144479585,4373566.288813521,5.948753792792559
500,729063.4140657348,4373566.284951482,5.9507612232118845
501,729063.4140744046,4373566.286256842,5.953530568629503
502,729063.416982239,4373566.282122706,5.949428478255868
503,729063.4129526215,4373566.279621356,5.938447969965637
504,729063.4162617899,4373566.274388414,5.950216377153993
505,729063.4130389811,4373566.277757305,5.92608855292201
506,729063.4139576937,4373566.276236268,5.922128933481872
507,729063.4109562908,4373566.269236689,5.910044642165303
508,729063.4124846878,4373566.270377838,5.922912039794028
509,729063.4162269938,4373566.265355359,5.949904901906848
510,729063.413022217,4373566.268262602,5.930972410365939
511,729063.4113037112,4373566.266980101,5.92877743486315
512,729063.4107599355,4373566.268105829,5.928645625710487
513,729063.411232656,4373566.2627291,5.921726158820093
514,729063.4107974631,4373566.261447329,5.91055815294385
515,729063.4086989138,4373566.259373568,5.914403920061886
516,729063.4151901801,4373566.250529797,5.924422775395215
517,729063.4168255951,4373566.247397419,5.9234117437154055
518,729063.4160150975,4373566.246190108,5.915270363911986
519,729063.4191363831,4373566.242158784,5.942207597196102
520,729063.4149985197,4373566.246635642,5.904255751520395
521,729063.4166586103,4373566.237127627,5.933024023659527
522,729063.4456049846,4373566.106575574,6.270793681032956
523,729063.4412049551,4373566.106218522,6.2727705873548985
524,729063.4179997469,4373566.240362904,5.927570842206478
525,729063.4465780823,4373566.327899514,5.922338508069515
526,729063.5305194965,4373566.665404329,5.9212770238518715
527,729063.6627817899,4373567.389697493,5.926132436841726
528,729063.8698324617,4373568.590001121,5.9218793492764235
529,729064.170544796,4373570.207682056,5.901637748815119
530,729064.5648910303,4373572.3308533495,5.932519746944308
531,729065.039353242,4373574.857667921,5.909237469546497
532,729065.7305624195,4373577.476293459,5.92696628626436
533,729066.5601452924,4373580.102611811,5.878022400662303
534,729067.46573568,4373582.691569654,5.849038305692375
535,729068.3312350329,4373585.109568548,5.860003732144833
536,729068.9465519902,4373586.857617038,5.865178911946714
537,729069.3056338519,4373587.888432933,5.864408620633185
538,729069.4729950377,4373588.378654436,5.854530320502818
539,729069.8120397525,4373588.145344402,5.8306829715147614
540,729069.4990680849,4373588.460091184,5.829955141060054
541,729069.5065939238,4373588.461564066,5.847146269865334
542,729069.6699001731,4373588.9117965065,5.852222187444568
543,729070.0766447908,4373590.087286139,5.847502642311156
544,729070.6701708721,4373591.636687343,5.838682005181909
545,729071.2611845328,4373593.21377154,5.8476795721799135
546,729071.5842715952,4373594.158952897,5.855766840279102
547,729071.6045385117,4373594.226423928,5.851783297024667
548,729071.6095841445,4373594.223049217,5.847707155160606
549,729071.607985976,4373594.222770543,5.84856790304184
550,729071.6046873027,4373594.216500529,5.843541311100125
551,729071.6079832216,4373594.218523609,5.840469066053629
552,729071.6048105218,4373594.213301188,5.843324538320303
553,729071.6020165235,4373594.211516313,5.844403462484479
554,729071.6050680319,4373594.213731538,5.839537411928177
555,729071.602460934,4373594.208976616,5.838578237220645
556,729071.6050585166,4373594.206444121,5.837793066166341
557,729071.5999946906,4373594.20337543,5.8350877137854695
558,729071.6018476575,4373594.204841221,5.835377484560013
559,729071.6015691777,4373594.197814317,5.837688282132149
560,729071.6042885738,4373594.197847229,5.833099615760148
561,729071.60106002,4373594.199281928,5.829517725855112
562,729071.5995110043,4373594.191162708,5.833812680095434
563,729071.5985643931,4373594.194137771,5.83617090433836
564,729071.6007597357,4373594.190070092,5.8275465676561
565,729071.5983855082,4373594.189110516,5.833749919198453
566,729071.5978625879,4373594.193468159,5.829992686398327
567,729071.6000621782,4373594.187041921,5.831177784129977
568,729071.5951331035,4373594.18770082,5.829352211207151
569,729071.5953376577,4373594.182097143,5.828462422825396
570,729071.595533465,4373594.184943821,5.82852594088763
571,729071.5952140533,4373594.177745968,5.8276968989521265
572,729071.5956015545,4373594.181706156,5.824851840734482
573,729071.594069025,4373594.173837627,5.828953914344311
574,729071.5929406187,4373594.176500875,5.830174592323601
575,729071.5919374714,4373594.170381548,5.826367696747184
576,729071.5924005032,4373594.175226627,5.823608515784144
577,729071.5933592088,4373594.168193108,5.821817117743194
578,729071.5909847838,4373594.166259318,5.82108240108937
579,729071.5901885738,4373594.162839928,5.823409968987107
580,729071.5905989553,4373594.163179688,5.822579580359161
581,729071.5910268223,4373594.1577445585,5.824858739972115
582,729071.5912051308,4373594.162703417,5.826157892122865
583,729071.5908630281,4373594.1551521225,5.821388355456293
584,729071.5895240768,4373594.152731962,5.818649967201054
585,729071.5906809636,4373594.151778004,5.817921780049801
586,729071.5875924801,4373594.150069871,5.81526047270745
587,729071.5889566557,4373594.151168804,5.819511265493929
588,729071.5849190042,4373594.145085821,5.815817452035844
589,729071.5848525015,4373594.1438916745,5.816253651864827
590,729071.5870017912,4373594.141517733,5.818559459410608
591,729071.5841309063,4373594.141795525,5.813935108482838
592,729071.5848554495,4373594.136993889,5.816373090259731
593,729071.5827762814,4373594.137369974,5.811804920434952
594,729071.5789470093,4373594.136034172,5.810199553146958
595,729071.5844484861,4373594.135610789,5.812656435184181
596,729071.5808204596,4373594.132376925,5.809123703278601
597,729071.5802478917,4373594.131385229,5.808531901799142
598,729071.580909109,4373594.128597461,5.808896613307297
599,729071.5845319165,4373594.131053583,5.802401564083993
600,729071.5784932156,4373594.12822085,5.804789143614471
601,729071.5820851916,4373594.127905852,5.810158597305417
602,729071.578782992,4373594.12407197,5.805616089142859
603,729071.5814076378,4373594.124469461,5.805033575743437
604,729071.5758230976,4373594.121766938,5.803375031799078
605,729071.579416061,4373594.120620254,5.801862061955035
606,729071.5743823613,4373594.1167084165,5.800325405783951
607,729071.574765377,4373594.11397071,5.8026810102164745
608,729071.572423571,4373594.114003273,5.8021361557766795
609,729071.5770381028,4373594.1130655045,5.803634467534721
610,729071.5712411364,4373594.110566058,5.803079172037542
611,729071.5709008505,4373594.107667684,5.805509411729872
612,729071.5718229183,4373594.106240321,5.808066628873348
613,729071.5700264827,4373594.104099596,5.804643823765218
614,729071.57146618,4373594.107527093,5.798067954368889
615,729071.5681388204,4373594.102664209,5.802640033885837
616,729071.5678344037,4373594.099054858,5.799238896928728
617,729071.6107561265,4373594.222210065,5.794746596366167
618,729071.861450616,4373594.967156119,5.789277285337448
619,729072.3359088309,4373596.388573257,5.7929293271154165
620,729072.9723659011,4373598.333314605,5.788511227816343
621,729073.6273091079,4373600.285076542,5.812034792266786
622,729074.2587747385,4373602.158105925,5.894605319947004
623,729074.8572599392,4373603.790603676,5.889326844364405
624,729075.5297151667,4373605.556962988,5.882850960828364
625,729076.2474031354,4373607.243906342,5.777426551096141
626,729076.8401310582,4373608.502630919,5.786127622239292
627,729077.4228390388,4373609.584654629,5.778752100653946
628,729078.0410504545,4373610.570715767,5.777352167293429
629,729078.8077552911,4373611.6476911595,5.753039655275643
630,729079.8142836161,4373612.882622158,5.766766718588769
631,729081.0205295059,4373614.101528649,5.755399730987847
632,729082.3052828145,4373615.134204982,5.751075774431229
633,729083.2263209042,4373615.727879603,5.734836554154754
634,729083.729589917,4373616.021833983,5.735552391037345
635,729084.594349825,4373616.432065108,5.715188939124346
636,729086.1738938029,4373617.0200459175,5.687992588616908
637,729088.535700887,4373617.466528058,5.690787401981652
638,729091.4701118435,4373617.478411463,5.676457106135786
639,729095.1557799056,4373616.932336469,5.6542616337537766
640,729099.2971029689,4373615.755126163,5.6570822931826115
641,729103.4376474478,4373614.404175261,5.626827159896493
642,729108.165204095,4373612.88076644,5.605561006814241
643,729113.4865206621,4373611.102752923,5.543438850902021
644,729119.2578703733,4373609.21444913,5.556223957799375
645,729125.1216990743,4373607.263880323,5.608943331986666
646,729130.9685364923,4373605.308008004,5.610776546411216
647,729136.7721531317,4373603.363965308,5.595619765110314
648,729142.5574748744,4373601.46641751,5.62733677495271
649,729148.3343416097,4373599.569671515,5.62612374778837
650,729154.1147104132,4373597.678884042,5.575982830487192
651,729159.9188393605,4373595.791193918,5.550769899971783
652,729165.7099675057,4373593.91703512,5.54552202206105
653,729171.4813716044,4373592.028375617,5.555384359322488
654,729177.2560440056,4373590.132997759,5.532253270968795
655,729183.0436800204,4373588.223164118,5.505982032045722
656,729188.8401189751,4373586.33208187,5.483854399062693
657,729194.6398153373,4373584.433016205,5.462767046876252
658,729200.4329926621,4373582.506235166,5.435547347180545
659,729206.2234472268,4373580.5962557625,5.4033892741426826
660,729211.9954203962,4373578.665515959,5.392301565036178
661,729217.7696492489,4373576.715082568,5.35417531337589
662,729223.5516178194,4373574.768659872,5.296980150975287
663,729229.3068694789,4373572.7562655145,5.281890666112304
664,729234.99536329,4373570.798102528,5.290795225650072
665,729240.6408538942,4373568.985742037,5.3106144946068525
666,729246.2516039088,4373567.371855803,5.261519604362547
667,729251.8478630319,4373565.870930887,5.259468335658312
668,729257.3013467946,4373564.26929346,5.260325699113309
669,729262.5513399615,4373562.341417384,5.268192180432379
670,729267.669603283,4373560.136775656,5.2541393814608455
671,729272.7686196041,4373557.836436732,5.208057443611324
672,729278.0091496899,4373555.887390986,5.191946525126696
673,729283.4084539907,4373554.690141487,5.1828944170847535
674,729288.8247941337,4373554.689130017,5.174927128478885
675,729293.9618617055,4373555.968470992,5.158804423175752
676,729298.5331924451,4373558.527280956,5.117756092920899
677,729302.2085183815,4373562.225328702,5.097708943299949
678,729304.7270867357,4373566.805146725,5.101605532690883
679,729305.948136889,4373571.916188118,5.077486123889685
680,729305.7694617512,4373577.154008484,5.061418571509421
681,729304.2067917199,4373582.122083358,5.082357762381434
682,729301.429615517,4373586.443741181,5.153173379600048
683,729297.7129727296,4373589.908305829,5.22008325252682
684,729293.2243351808,4373592.27582102,5.222031853161752
685,729288.3089533356,4373593.404058456,5.25390889775008
686,729283.2415764539,4373593.21777773,5.234807842411101
687,729278.391797726,4373591.678847684,5.263729941099882
688,729274.0540932817,4373588.953011766,5.264657850377262
689,729270.2325244352,4373585.437635656,5.278537422418594
690,729266.5503567853,4373581.742994647,5.286497574299574
691,729262.586102475,4373578.314553197,5.324484285898507
692,729258.1466563183,4373575.448252697,5.3194022215902805
693,729253.2328901802,4373573.478741297,5.275383606553078
694,729248.0257843694,4373572.564731944,5.228394623845816
695,729242.7162796857,4373572.653297932,5.2763512171804905
696,729237.4318628666,4373573.583012081,5.285323929041624
697,729232.1112622549,4373575.064996853,5.283327147364616
698,729226.6640084602,4373576.819945099,5.265337963588536
699,729221.116761955,4373578.627172976,5.335304974578321
700,729215.4704077631,4373580.525721176,5.350287268869579
701,729209.7352481836,4373582.450102991,5.414335454814136
702,729203.9043363772,4373584.36878813,5.423272944055498
703,729198.0065669302,4373586.2978965575,5.463250143453479
704,729192.0420375854,4373588.230129838,5.474289225414395
705,729186.0394693082,4373590.197377284,5.51827388536185
706,729179.986722194,4373592.200250146,5.502226809039712
707,729173.9220261058,4373594.196164489,5.530280613340437
708,729167.8590184153,4373596.175981563,5.533314732834697
709,729161.8090555479,4373598.183985496,5.570258926600218
710,729155.8303958769,4373600.204763887,5.553274599835277
711,729149.9176426912,4373602.190980071,5.613365399651229
712,729144.1106379428,4373604.181938718,5.605327486991882
713,729138.3956914799,4373606.152675371,5.605332319624722
714,729132.7528838713,4373608.14535257,5.580413385294378
715,729127.137007613,4373610.165462012,5.5604258319363
716,729121.6491046512,4373612.2655273685,5.550405269488692
717,729116.2835210804,4373614.401552664,5.550515320152044
718,729110.9991449234,4373616.522982497,5.5485960356891155
719,729105.8265650182,4373618.508582192,5.595597586594522
720,729100.7341859762,4373620.336040121,5.620657705701888
721,729095.7206383497,4373622.010460091,5.644870455376804
722,729090.7397910848,4373623.663317159,5.646959491074085
723,729085.7765939042,4373625.337369345,5.646004187874496
724,729080.7773640461,4373627.042943784,5.6372062508016825
725,833979.123123182,-0.4701149006711315,-49.54517487157136
726,729070.3660500479,4373630.5367573425,5.68846695497632
727,729064.9260606566,4373632.333376711,5.72660010587424
728,729059.3616680275,4373634.211966232,5.693861868232489
729,729053.6951625468,4373636.132611811,5.753991453908384
730,729047.9991951388,4373638.110599186,5.749064858071506
731,729042.2256447247,4373640.111627777,5.7772972490638494
732,729036.4313885565,4373642.102665203,5.76046343985945
733,729030.5967753306,4373644.076475918,5.788525325246155
734,729024.7121035083,4373646.055065425,5.824685928411782
735,729018.7757810316,4373648.032878972,5.78487410210073
736,729012.753534622,4373650.017938392,5.8089270973578095
737,729006.6892140096,4373651.981553475,5.887068425305188
738,729000.5108946471,4373654.084279072,5.852214270271361
739,728994.159757477,4373656.24843041,5.843244413845241
740,728987.6085702655,4373658.457351342,5.849337738007307
741,728980.8941211363,4373660.743591299,5.805477027781308
742,728974.0799700712,4373663.031164478,5.920509688556194
743,728967.282033995,4373665.34865497,5.876570757478476
744,728960.468946595,4373667.694356378,5.950699541717768
745,728953.828119367,4373669.912698155,6.006737836636603
746,728947.4178665313,4373672.02984342,6.045762141235173
747,728941.324230837,4373674.050560338,6.056904121302068
748,728935.8470261216,4373675.889117725,6.095954070799053
749,728931.0944274757,4373677.515138168,6.109035762958229
750,728926.8040285292,4373678.9872238105,6.103088800795376
751,728922.8809437237,4373680.295744535,6.155153864994645
752,728919.3358598362,4373681.446940579,6.194220565259457
753,728915.989252297,4373682.4998214785,6.17228733561933
754,728912.7549645753,4373683.468560969,6.194283140823245
755,728909.4437433877,4373684.435160793,6.188403462991118
756,728905.2888946991,4373685.54308815,6.210504928603768
757,728900.5206204671,4373686.761169871,6.177549754269421
758,728895.3800086293,4373688.06774874,6.17763199005276
759,728890.0459213124,4373689.504252861,6.157736424356699
760,728884.6188966344,4373691.05520258,6.128698348999023
761,728879.2248447891,4373692.735218413,6.117732792161405
762,728873.8617281255,4373694.5099541675,6.096769115887582
763,728868.3178776685,4373696.4115099,6.081766525283456
764,728862.5125420887,4373698.450226006,6.091801922768354
765,728856.5978008008,4373700.485700663,6.062900782562792
766,728850.4311444582,4373702.563210741,6.051870673894882
767,728843.9036898285,4373704.756194551,6.039879195392132
768,728837.1204506923,4373707.0421165265,5.999900177121162
769,728830.2227247016,4373709.357706177,5.9718590481206775
770,728823.3656238695,4373711.654832414,5.947833577170968
771,728816.565016036,4373713.906217144,5.942885564640164
772,728809.8313697553,4373716.134160705,5.93185908254236
773,728803.3599821419,4373718.367217667,5.9138352777808905
774,728797.1816265611,4373720.6875401,5.894832574762404
775,728791.6658932405,4373723.421449697,5.863763043656945
776,728787.0284266011,4373726.771064552,5.915688030421734
777,728783.4267566045,4373730.688134162,5.937665498815477
778,728780.6361315337,4373735.097837546,5.935593227855861
779,728778.2504322346,4373739.992065044,5.899569538421929
780,728775.622814459,4373745.027949986,5.892514904029667
781,728772.3764915648,4373749.758219033,5.899443231523037
782,728768.2451755853,4373753.842372189,5.866353141143918
783,728763.2925108158,4373757.006166111,5.855319774709642
784,728757.727936559,4373758.990851395,5.842172300443053
785,728751.8170414898,4373759.613432922,5.84810721501708
786,728745.8763251246,4373758.779083354,5.87407807726413
787,728740.2716426873,4373756.482279265,5.904990789480507
788,728735.3786548143,4373752.967976906,5.929911502636969
789,728731.4202299437,4373748.561887504,5.940873196348548
790,728728.5870575907,4373743.497378795,5.920838209800422
791,728726.9984739847,4373737.97431335,5.915759224444628
792,728726.7184478522,4373732.378216924,5.902778591029346
793,728727.6791076461,4373727.022381776,5.927871447056532
794,728729.721780067,4373722.172054629,5.9398866184055805
795,728732.6484488694,4373717.990330015,5.936905235983431
796,728736.2808603988,4373714.625075782,5.944930328056216
797,728740.3976798237,4373712.142164719,5.959909652359784
798,728745.0717956751,4373710.467599651,5.931875961832702
799,728750.105927954,4373709.67739575,5.925047368742526
800,728755.2655664554,4373709.863008968,5.938059381209314
801,728760.2831061865,4373711.0298686195,5.992157255299389
802,728764.9688789188,4373713.115296142,6.038224288262427
803,728769.3929214581,4373715.698948325,6.036228246055543
804,728773.868921757,4373718.122530289,5.971104224212468
805,728778.5935861288,4373719.927578445,5.890035338699818
806,728783.5047709631,4373720.814740329,5.889820493757725
807,728788.4154493422,4373720.578175547,5.8996020229533315
808,728792.9713239679,4373719.533823345,5.901426753029227
809,728797.0244454865,4373718.219722667,5.9271054388955235
810,728800.8764011385,4373716.8180235755,5.955802017822862
811,728804.9656624671,4373715.310348257,5.946474918164313
812,728809.2476754856,4373713.755111798,5.941135676577687
813,728813.6555073685,4373712.175061373,5.9457054464146495
814,728818.2905714025,4373710.541374243,5.954413455910981
815,728823.1744527502,4373708.803433525,5.969107827171683
816,728828.2888319358,4373707.036416402,5.969767625443637
817,728833.5430173144,4373705.256634703,5.989604806527495
818,728838.8787687155,4373703.462743858,6.024421494454145
819,728844.2546233668,4373701.663264262,6.045188750140369
820,728849.5437737257,4373699.8962967545,6.068177936598659
821,728854.6619538192,4373698.176397209,6.072060523554683
822,728859.650165811,4373696.485312229,6.08288883510977
823,728864.2605548454,4373694.909581782,6.092800383456051
824,728868.0732361379,4373693.608829139,6.099893342703581
825,728870.8117813824,4373692.663203331,6.08887776825577
826,728873.0598412292,4373691.883186107,6.1019035978242755
827,728875.6093159309,4373690.9803999625,6.099114143289626
828,728878.7406716903,4373689.874621278,6.11324043571949
829,728882.3402838317,4373688.580297481,6.13114931806922
830,728886.250993697,4373687.206071251,6.158309571444988
831,728890.3676740828,4373685.791708678,6.172232787124813
832,728894.6502298074,4373684.301582103,6.169890928082168
833,728898.9732051103,4373682.814425193,6.1878073792904615
834,728903.4131940886,4373681.331718129,6.208705833181739
835,728907.9654358056,4373679.834810371,6.248487879522145
836,728912.5707685546,4373678.299377392,6.259472645819187
837,728917.2195607953,4373676.768674875,6.234463259577751
838,728921.8744345227,4373675.242406216,6.1655089585110545
839,728926.6208402959,4373673.669299478,6.138624323531985
840,728931.3889524203,4373672.092833956,6.118922965601087
841,728936.1961481234,4373670.522596974,6.10421943012625
842,728941.1570364058,4373668.850034617,6.105598323047161
843,728946.2865895029,4373667.135667841,6.085200987756252
844,728951.5258921516,4373665.395372723,6.058740782551467
845,728956.862847064,4373663.646052917,6.073328262194991
846,728962.2252767787,4373661.873050709,6.006884769536555
847,728967.6171786945,4373660.06271599,5.976475778967142
848,728972.9900617624,4373658.2534350855,5.961902649141848
849,728978.3413747841,4373656.4442671025,5.945381049998105
850,728983.6646387752,4373654.62665254,5.9318572003394365
851,728988.9444218101,4373652.812391505,5.939189965836704
852,728994.2193206695,4373650.988746224,5.95547198690474
853,728999.4874545153,4373649.15355086,5.9425636706873775
854,729004.7828411324,4373647.3455852615,5.958725997246802
855,729010.0452124967,4373645.542025106,5.897760009393096
856,729015.3520302789,4373643.769436108,5.884700582362711
857,729020.6632876523,4373641.988108279,5.851736391894519
858,729025.9823200766,4373640.236872819,5.849572773091495
859,833979.0161576846,-0.5593846522931115,-49.53055376932025
860,729036.5715461186,4373636.662720572,5.818427640013397
861,729041.8336806116,4373634.882450894,5.8464428232982755
862,729047.0176067104,4373633.130745866,5.823380217887461
863,729051.956218573,4373631.463102235,5.787384242750704
864,729056.5929211337,4373629.860304914,5.785380118526518
865,729061.0054930443,4373628.357637461,5.818351342342794
866,729064.9984814211,4373626.967759058,5.779354867525399
867,729068.5267304067,4373625.7596994545,5.781314506195486
868,729071.6475284435,4373624.726634562,5.754211528226733
869,729074.2872058786,4373623.859014925,5.8071918254718184
870,729076.7455083745,4373623.074448606,5.772188659757376
871,729079.6192457518,4373622.139568521,5.776197976432741
872,729083.1348477638,4373620.980639875,5.7591214664280415
873,729087.346692677,4373619.565190138,5.728207528591156
874,729091.9807754584,4373618.011297,5.677223451435566
875,729096.9392668114,4373616.33277804,5.67625838983804
876,729102.2570884584,4373614.555876868,5.640228556469083
877,729108.0764954132,4373612.672894103,5.60221313778311
878,729114.3240160575,4373610.649535438,5.548165242187679
879,729120.9233134588,4373608.534162224,5.548051742836833
880,729127.7246811695,4373606.299518976,5.5980434492230415
881,729134.6020804334,4373603.991387912,5.5838929591700435
882,729141.5511005304,4373601.645604814,5.6147738648578525
883,729148.5454117246,4373599.300448465,5.577736823819578
884,729155.4800702197,4373596.963868767,5.547683919779956
885,729162.2666910964,4373594.68045095,5.515492441132665
886,729168.7995705688,4373592.543856247,5.544393269345164
887,729174.9696537061,4373590.67850468,5.546434896998107
888,729180.7345488736,4373589.290067552,5.5122812474146485
889,729186.4023965172,4373587.796401962,5.502205221913755
890,729192.5031842242,4373585.2745826775,5.476261492818594
891,729199.0662638233,4373582.603715007,5.435332763940096
892,729205.8540575902,4373580.258412201,5.392212839797139
893,729212.7040239,4373577.964434586,5.392151397652924
894,729219.5992129361,4373575.680142171,5.326322621665895
895,729226.553961738,4373573.41395426,5.297269924543798
896,729233.4464338131,4373571.188781826,5.279166799038649
897,729240.1559725557,4373569.138485877,5.316168810240924
898,729246.6706130763,4373567.2755433265,5.275241246446967
899,729253.0716128215,4373565.465084993,5.2631059139966965
900,729259.3279308312,4373563.477451857,5.277983819134533
901,729265.3846273669,4373561.223803459,5.261966893449426
902,729271.353875399,4373558.875559464,5.229044986888766
903,729277.480599659,4373556.988274359,5.21494684368372
904,729283.7363551628,4373555.92595039,5.203013032674789
905,729289.9271942737,4373556.212488844,5.1691728588193655
906,729295.5470357764,4373558.213840612,5.138345764018595
907,729300.0368420882,4373561.8571355725,5.111414837650955
908,729303.03165777,4373566.733469114,5.109652280807495
909,729304.2384929851,4373572.321758964,5.089955183677375
910,729303.5746396056,4373578.004910423,5.093246027827263
911,729301.1713497192,4373583.268110343,5.133406479842961
912,729297.2834198519,4373587.643527029,5.164803946390748
913,729292.1626840206,4373590.692182061,5.198209119029343
914,729286.2654076592,4373592.009722996,5.235531445592642
915,729280.216879508,4373591.325807721,5.26478127297014
916,729274.6613577363,4373588.696189419,5.286238037981093
917,729269.8552649536,4373584.674540349,5.284600702114403
918,729265.1487539252,4373580.37579593,5.306939156726003
919,729259.8669349045,4373576.563973655,5.335340090095997
920,729253.8595847219,4373573.697166075,5.308834024704993
921,729247.1469154687,4373572.4034904,5.2782600643113256
922,729240.3491294828,4373572.618833103,5.286529411561787
923,729233.6948629371,4373574.111836942,5.299950326792896
924,729227.1108815845,4373576.173154172,5.288269933313131
925,729220.3825092721,4373578.336612205,5.346458156593144
926,729213.4468714964,4373580.6043226365,5.372550501488149
927,729206.3050789434,4373582.913623379,5.414588803425431
928,729198.9871007437,4373585.236048667,5.445713635534048
929,729191.5581052601,4373587.526595108,5.489564917050302
930,729184.150200392,4373589.946239091,5.514378742314875
931,729176.7969329411,4373592.53777076,5.542246890254319
932,729169.4316072656,4373595.098453104,5.570115672424436
933,729162.0593599923,4373597.664841173,5.558795806951821
934,729154.6478457008,4373600.2178046135,5.581483831629157
935,729147.2466857942,4373602.780941288,5.6413646237924695
936,729139.8515904725,4373605.359631001,5.607105324976146
937,729132.4296632808,4373608.026270672,5.581804767251015
938,729125.0338183254,4373610.734455792,5.54563417378813
939,729117.6827224358,4373613.503208913,5.54754023719579
940,729110.469262765,4373616.200794414,5.560371335595846
941,729103.323546596,4373618.840429947,5.609148581512272
942,729096.2484423813,4373621.352944817,5.6581601006910205
943,729089.1618516505,4373623.816071754,5.702106144279242
944,729082.1128337291,4373626.1832454605,5.732036242261529
945,729075.0849071727,4373628.627976815,5.801898653618991
946,729068.0085007651,4373631.005356663,5.759923393838108
947,729060.8893118552,4373633.386874526,5.759864203631878
948,729053.6010501086,4373635.819053762,5.755775791592896
949,729046.1031658365,4373638.322990397,5.7796964179724455
950,729038.4374402204,4373640.909903878,5.802586203441024
951,729030.6951043876,4373643.549893369,5.745547567494214
952,729022.9386110408,4373646.20940573,5.807211706414819
953,729015.2902484621,4373648.749614165,5.880924786441028
954,729007.6654962609,4373651.261952896,5.882787901908159
955,729000.0347923974,4373653.773591259,5.8764630276709795
956,728992.2291340892,4373656.404943897,5.927168072201312
957,728984.333805074,4373659.146701952,5.864921324886382
958,728976.27803102,4373661.946058799,5.883824906311929
959,728968.1510890184,4373664.727957468,5.918614521622658
960,728960.029043606,4373667.489534423,5.923396743834019
961,728951.9799509125,4373670.153647519,6.034402498044074
962,728944.1314706897,4373672.731104345,6.0923900213092566
963,728936.6123383418,4373675.281455197,6.135289224795997
964,728929.3176009395,4373677.803293504,6.173241098411381
965,728922.2533404019,4373680.30643513,6.222331498749554
966,728915.2014211933,4373682.588414727,6.233388386666775
967,728908.1746052975,4373684.630570831,6.224272191524506
968,728901.1566695701,4373686.583134391,6.197267711162567
969,728894.1385034183,4373688.545639114,6.19644502364099
970,728887.0794491961,4373690.604171157,6.182521402835846
971,728880.0084078694,4373692.781604573,6.158560564741492
972,728872.9275624072,4373695.015211301,6.129714191891253
973,728865.8343791871,4373697.279586632,6.127891490235925
974,728858.7314846937,4373699.587901285,6.104995786212385
975,728851.6502080851,4373701.930442481,6.0730205262079835
976,728844.6228784502,4373704.286733115,6.046087174676359
977,728837.6430601085,4373706.608741575,6.027061395347118
978,728830.6573753438,4373708.926886653,5.990019257180393
979,728823.7109461062,4373711.2515668385,5.9697444615885615
980,728816.7524212877,4373713.566679173,5.957558517344296
981,728809.8228839035,4373715.899357212,5.941435183398426
982,728803.3935082909,4373718.164273541,5.9601351376622915
983,728797.9740997308,4373720.218584894,5.9078864166513085
984,728793.1697085741,4373722.402457728,5.9247644897550344
985,728788.8075269562,4373725.133951575,5.883756943047047
986,728785.1834748917,4373728.533544357,5.931581414304674
987,728782.4278714226,4373732.499147669,5.9264588095247746
988,728780.0748386929,4373737.027101061,5.92851497977972
989,728777.5765049114,4373741.938728973,5.876471013762057
990,728774.3689009707,4373746.847770162,5.936235456727445
991,728770.4603155664,4373751.337969882,5.895102361217141
992,728765.8730502551,4373754.917565279,5.876068642362952
993,728760.6392402907,4373757.218809085,5.848768135532737
994,728755.0573381971,4373758.333632748,5.886541503481567
995,728749.2422785928,4373758.320509962,5.86731855943799
996,728743.4900822409,4373756.989608102,5.941073186695576
997,728738.1393328009,4373754.436153077,5.936746710911393
998,728733.6475904249,4373750.780799405,5.980448487214744
999,728730.3124363483,4373746.260677461,5.923199869692326
1000,728728.2045070966,4373741.168410752,5.9738695081323385
1001,728727.3397255235,4373735.7856748095,5.931637483648956
1002,728727.6960822926,4373730.38108555,5.923347010277212
1003,728729.0691234528,4373725.261598405,5.928112721070647
1004,728731.1666132382,4373720.515261177,5.943928538821638
1005,728733.6977812122,4373716.184165218,5.912756195291877
1006,728736.4392836117,4373712.40754293,5.919584862887859
1007,728739.2078842508,4373709.323901209,5.926356763578951
1008,728742.0173357617,4373707.239811112,5.916208999231458
1009,728744.620891496,4373706.1970304325,5.883078315295279
1010,728746.5885684671,4373705.805118063,5.873896859586239
1011,728747.6374649638,4373705.719538613,5.869705695658922
1012,728747.7729535036,4373705.697387858,5.872577617876232
1013,728747.7701071973,4373705.700838717,5.868447721004486
1014,728747.7689188443,4373705.704152732,5.877285744994879
1015,728747.7702634075,4373705.704231031,5.858112381771207
1016,728747.7757404672,4373705.701760455,5.851019655354321
1017,728747.7765420591,4373705.6997608375,5.850840141996741
1018,728747.7754813051,4373705.703860816,5.849660178646445
1019,728747.772964221,4373705.700190805,5.846563129685819
1020,728747.7758505617,4373705.694741595,5.84943020157516
1021,728747.774375944,4373705.69609052,5.848260666243732
1022,728747.7734399514,4373705.69710911,5.853046697564423
1023,728747.7741800798,4373705.696464165,5.861894557252526
1024,728747.775306139,4373705.695618883,5.861703746020794
1025,728747.7777713109,4373705.709183311,5.855508257634938
1026,728747.7773764653,4373705.704756257,5.8443249957636
1027,728747.7783230403,4373705.704741852,5.839167094789445
1028,728747.7762407468,4373705.704187486,5.844032199122012
1029,728747.7752161919,4373705.7035314115,5.8468975108116865
1030,728747.7756876749,4373705.706557581,5.839806447736919
1031,728747.7770613891,4373705.706048307,5.851719827391207
1032,728747.7772937968,4373705.705457148,5.855600412003696
1033,728747.7807243473,4373705.704225403,5.864550135098398
1034,728747.777910614,4373705.705376396,5.863432885147631
1035,728747.7761549578,4373705.709592439,5.869325688108802
1036,728747.7791475408,4373705.706159601,5.856245666742325
1037,728747.778772468,4373705.70516842,5.850191843695939
1038,728747.7787875972,4373705.707223345,5.841171010397375
1039,728747.7791937429,4373705.704884812,5.843110994435847
1040,728747.774699359,4373705.709570474,5.856119340285659
1041,728747.7778105234,4373705.710590612,5.850199876353145
1042,728747.7759412536,4373705.709236699,5.848335402086377
1043,728747.7763060576,4373705.705702469,5.845543658360839
1044,728747.7769453991,4373705.704445854,5.862835654057562
1045,728747.7814420091,4373705.70119632,5.855077980086207
1046,728747.7795126447,4373705.704485176,5.8584637977182865
1047,728747.7765827081,4373705.70838009,5.851891598664224
1048,728747.7784954471,4373705.7039682865,5.863324706442654
1049,728747.7806274227,4373705.705547546,5.854780415073037
1050,728747.7789085966,4373705.708086316,5.866347020491958
1051,728747.7826617284,4373705.7053424865,5.867802658118308
1052,728747.7790761342,4373705.706774648,5.858282848261297
1053,728747.7786621833,4373705.706566274,5.865695391781628
1054,728747.7829107837,4373705.707487623,5.869112182408571
1055,728747.7799446314,4373705.7068259055,5.865372852422297
1056,728747.7837494573,4373705.706072524,5.872511029243469
1057,728747.7762155109,4373705.710706816,5.868647389113903
1058,728747.773518987,4373705.711235647,5.870643484406173
1059,728747.7742038023,4373705.710466923,5.871655874885619
1060,728747.7785921826,4373705.708961923,5.874528162181377
1061,728747.7796964317,4373705.709128006,5.877444964833558
1062,728747.7802008451,4373705.709208422,5.880211125127971
1063,728747.7820622849,4373705.707054337,5.876972505822778
1064,728747.7810746556,4373705.710195592,5.872745458036661
1065,728747.7802391829,4373705.70991099,5.876573269255459
1066,728747.7788348371,4373705.709543611,5.874358588829637
1067,728747.7777371786,4373705.712447596,5.872208585962653
1068,728747.7757305838,4373705.714494628,5.868139950558543
1069,728747.775369613,4373705.713700696,5.873176438733935
1070,728747.7760229071,4373705.712405257,5.8652780912816525
1071,728747.775879546,4373705.714230528,5.871473123319447
1072,728747.7771272378,4373705.713073865,5.869720180518925
1073,728747.7758038569,4373705.712224832,5.870052267797291
1074,728747.7793454708,4373705.7139053745,5.871355907060206
1075,728747.7827020766,4373705.710718247,5.890658165328205
1076,728747.7630104254,4373705.710204654,5.830029580742121
1077,728747.7754423011,4373705.715284203,5.867463604547083
1078,728747.78043651,4373705.717268742,5.879963684827089
1079,728747.7774922198,4373705.714901669,5.867710599675775
1080,728747.7781703286,4373705.713200896,5.873845972120762
1081,728747.7822158223,4373705.712024194,5.883425856009126
1082,728747.7779290603,4373705.713881125,5.877469011582434
1083,728747.777495944,4373705.71216739,5.88221787288785
1084,728747.7764761022,4373705.7088259645,5.88111372385174
1085,728747.7838093833,4373705.705997928,5.887493058107793
1086,728747.7772420867,4373705.703077436,5.886213726364076
1087,728747.7748486493,4373705.701957758,5.88870707526803
1088,728747.7833975111,4373705.697878513,5.88199520856142
1089,728747.7831663796,4373705.693538603,5.908217369578779
1090,728747.777622691,4373705.696048535,5.894153759814799
1091,728747.7758453405,4373705.696597727,5.904528172686696
1092,728747.776116125,4373705.693404886,5.905531298369169
1093,728747.7767519467,4373705.6953881895,5.907279773615301
1094,728747.7825099297,4373705.692348882,5.907483124174178
1095,728747.7814521312,4373705.693355032,5.9042084058746696
1096,728747.7782353312,4373705.69197836,5.910813988186419
1097,728747.7769748891,4373705.690705488,5.912178751081228
1098,728747.7767216912,4373705.688759984,5.911912336014211
1099,728747.7762052546,4373705.691045875,5.907469862140715
1100,728747.7752907266,4373705.693803086,5.9079165337607265
1101,728747.7730212603,4373705.6969819125,5.917004842311144
1102,728747.7785463312,4373705.70084193,5.909898187033832
1103,728747.7776631259,4373705.700367648,5.906779748387635
1104,728747.7831155704,4373705.697638592,5.902650433592498
1105,728747.7789098785,4373705.702941374,5.9025432746857405
1106,728747.7785317786,4373705.701400236,5.900587274692953
1107,728747.7780178271,4373705.698532506,5.900794361717999
1108,728747.7812888003,4373705.695711119,5.908062932081521
1109,728747.7857885297,4373705.699490314,5.900402572005987
1110,728747.7207640423,4373705.680273176,5.911616501398385
1111,728747.7663224258,4373705.689956177,5.9091354962438345
1112,728747.7449614172,4373705.676091486,5.942693351767957
1113,728747.7631375864,4373705.690189643,5.911457139067352
1114,728747.7831304285,4373705.702957021,5.890570014715195
1115,728747.7739756493,4373705.692447979,5.898738903924823
1116,728747.7827456753,4373705.695082217,5.890184330753982
1117,728747.7828000998,4373705.693201735,5.902784218080342
1118,728747.7857830934,4373705.699615184,5.901434733532369
1119,728747.7845002537,4373705.697534934,5.900054841302335
1120,728747.7839026767,4373705.696727939,5.887788943015039
1121,728747.7805210806,4373705.697773095,5.891249554231763
1122,728747.7781892937,4373705.696405336,5.890704863704741
1123,728747.7767011651,4373705.696987024,5.890059418976307
1124,728747.7836859152,4373705.69497625,5.9014956299215555
1125,728747.7806703149,4373705.694373646,5.886662777513266
1126,728747.776176814,4373705.687043728,5.895840147510171
1127,728747.776252898,4373705.687775373,5.8961151745170355
1128,728747.7771467222,4373705.688401972,5.8963196240365505
1129,728747.7793014678,4373705.6893225005,5.900497954338789
1130,728747.7653150533,4373705.6884825695,5.920517722144723
1131,728747.7508132021,4373705.68058139,5.946622026152909
1132,728747.7835223933,4373705.693736626,5.909554689191282
1133,728747.7849863293,4373705.697915593,5.907205174677074
1134,728747.7856247381,4373705.694703084,5.903509774245322
1135,728747.784498956,4373705.696807829,5.909580924548209
1136,728747.7849175598,4373705.697463851,5.904286230914295
1137,728747.7826213456,4373705.691117484,5.904440333135426
1138,728747.7810408585,4373705.694631294,5.898325255140662
1139,728747.7859206802,4373705.690666052,5.898059139028192
1140,728747.7820501558,4373705.700358899,5.889247491955757
1141,728747.7781148425,4373705.697429621,5.885542665608227
1142,728747.7771435007,4373705.695027952,5.890772707760334
1143,728747.7765388929,4373705.696763894,5.885096997022629
1144,728747.7780391662,4373705.688929661,5.882758239284158
1145,728747.7762056015,4373705.689168197,5.877572930417955
1146,728747.7744562885,4373705.689178624,5.869686822406948
1147,728747.7713675614,4373705.68880981,5.863116002641618
1148,728747.7709069942,4373705.69081233,5.8678052350878716
1149,728747.7702864043,4373705.6878820155,5.8647540444508195
1150,728747.7710342498,4373705.688357613,5.864925131201744
1151,728747.7692719584,4373705.686750112,5.8613272700458765
1152,728747.7676756068,4373705.685347194,5.865842970088124
1153,728747.7662404807,4373705.689502123,5.860329333692789
1154,728747.7692250188,4373705.686865871,5.860899977385998
1155,728747.771000504,4373705.686523491,5.858469032682478
1156,728747.7715606594,4373705.68561905,5.86299304664135
1157,728747.7696305055,4373705.688396105,5.85750035289675
1158,728747.7694022167,4373705.688836306,5.857973653823137
1159,728747.7691580609,4373705.688636218,5.8534927954897285
1160,728747.7701785971,4373705.689497292,5.859972823411226
1161,728747.7685354108,4373705.689875777,5.858512538485229
1162,728747.7699659816,4373705.689185685,5.8591181337833405
1163,728747.7696404918,4373705.692416773,5.85767269320786
1164,728747.770334013,4373705.690697528,5.860327960923314
1165,728747.7855621912,4373705.689797616,5.8550818944349885
1166,728747.9776940463,4373705.670116017,5.852849625051022
1167,728748.588004881,4373705.635898124,5.858730767853558
1168,728749.7306238452,4373705.632700791,5.860652073286474
1169,728751.4935481792,4373705.72935009,5.854661890305579
1170,728753.8049805644,4373706.03007731,5.85473932698369
1171,728756.418035803,4373706.603850219,5.860842498019338
1172,728759.084683744,4373707.441499091,5.890032805502415
1173,728761.8284075771,4373708.59337492,5.912207329645753
1174,728764.564506576,4373710.06163428,5.953414465300739
1175,728767.244636023,4373711.869993383,5.988637701608241
1176,728769.8902967595,4373713.9319372205,5.967827525921166
1177,728772.6685066497,4373715.516867573,5.968992315232754
1178,728775.3427387646,4373717.748445776,5.936098902486265
1179,728778.260176786,4373719.222201087,5.900194248184562
1180,728781.3936774174,4373720.142924913,5.897372257895768
1181,728784.6948159115,4373720.408393834,5.903675860725343
1182,728788.0521281601,4373719.965078737,5.923832239583135
1183,728791.6141119687,4373719.025827285,5.916225821711123
1184,728795.5289370548,4373717.913819615,5.951226609759033
1185,728799.8136615782,4373716.6094661085,5.947725396603346
1186,728804.3528646287,4373715.097060447,5.950276446528733
1187,728809.0330513724,4373713.439796308,5.945549013093114
1188,728813.7466680338,4373711.763693853,5.9503568690270185
1189,728818.5310197561,4373710.125792723,5.9651570450514555
1190,728823.4161408828,4373708.491755153,5.982182483188808
1191,728828.5026497979,4373706.823205362,5.990699520334601
1192,728833.7795668233,4373705.073301814,6.015950955450535
1193,728839.2211204893,4373703.238500583,6.040335848927498
1194,728844.8228077515,4373701.365117317,6.0448333797976375
1195,728850.5391794612,4373699.427153992,6.060107791796327
1196,728856.3608546862,4373697.459937277,6.07690370734781
1197,728862.1634312585,4373695.471523127,6.090873017907143
1198,728867.9626184511,4373693.483078124,6.111076309345663
1199,728873.7506542832,4373691.4860622985,6.111759918741882
1200,728879.4206483727,4373689.565266496,6.130039356648922
1201,728885.0193113761,4373687.648913977,6.154885279946029
1202,728890.694533311,4373685.737659547,6.177643726579845
1203,728896.4931004918,4373683.768844247,6.184231734834611
1204,728902.5004443759,4373681.788744587,6.213104818016291
1205,728908.6867425388,4373679.7626715945,6.26147080399096
1206,728914.8706111066,4373677.706036885,6.258276369422674
1207,728921.1439355764,4373675.60410262,6.1916092755272985
1208,728927.5692798096,4373673.438697542,6.1374714858829975
1209,728934.1548462727,4373671.1782263955,6.105254017747939
1210,728940.8296631328,4373668.856894681,6.092437468469143
1211,728947.5315672153,4373666.573401109,6.0925197172909975
1212,728954.3253286434,4373664.304737914,6.07217604201287
1213,728961.2194517442,4373661.999332625,6.000920385122299
1214,728968.1848037547,4373659.663886639,5.984939822927117
1215,728975.1699786624,4373657.341365755,5.951425531879067
1216,728982.1142668999,4373654.982182686,5.887756994925439
1217,728989.0023032936,4373652.666307739,5.939412486739457
1218,728995.8080893627,4373650.27693935,5.929888849146664
1219,729002.6171085429,4373647.964086014,5.930977060459554
1220,729009.3691110979,4373645.656260767,5.885168302804232
1221,729016.164129039,4373643.428761127,5.886534865945578
1222,729022.9566800398,4373641.200617443,5.831496992148459
1223,729029.7228909053,4373638.954874774,5.815383769571781
1224,729037.1967450887,4373635.891659909,5.819622157141566
1225,729043.1713415973,4373634.295418502,5.82169502414763
1226,729049.8633759496,4373632.019947122,5.788579466752708
1227,729056.503175239,4373629.821189101,5.7657104497775435
1228,729063.0975261751,4373627.632204915,5.717913806438446
1229,729069.0393818384,4373625.669981781,5.759987206198275
1230,729073.3810305023,4373624.231022097,5.736078883521259
1231,729076.7078057034,4373623.165290017,5.732361349277198
1232,729079.4696263201,4373622.267412558,5.712593758478761
1233,729082.2611050477,4373621.352006338,5.732714279554784
1234,729085.4338021325,4373620.288747134,5.662026843987405
1235,729089.400287189,4373618.965487633,5.671394371427596
1236,729094.1177257912,4373617.369220608,5.615633421577513
1237,729099.5132432177,4373615.500443541,5.594964852556586
1238,729105.6722217922,4373613.391590256,5.541343004442751
1239,729112.3279485335,4373611.102022804,5.525667019188404
1240,729119.224260414,4373608.742191626,5.496953450143337
1241,729126.1833851559,4373606.416881086,5.5423647267743945
1242,729133.2707300228,4373604.083021132,5.5477910386398435
1243,729140.4695461289,4373601.71793293,5.567101862281561
1244,729147.8245862096,4373599.330505294,5.57548778411001
1245,729155.2869910502,4373596.944442493,5.528992647305131
1246,729162.784587144,4373594.552859256,5.516389097087085
1247,729170.3142454084,4373592.141137283,5.535755404271185
1248,729177.8524535913,4373589.711934736,5.5072313183918595
1249,729185.3421517544,4373587.209253652,5.473643678240478
1250,729192.7631143683,4373584.701408576,5.447988884523511
1251,729200.1585886397,4373582.217796736,5.406364822760224
1252,729207.4876398824,4373579.809515496,5.382819599471986
1253,729214.6156837057,4373577.470531852,5.37219372857362
1254,729221.5499728508,4373575.169031272,5.296572895720601
1255,729228.3107756074,4373572.94526127,5.263010146096349
1256,729234.9613608562,4373570.821517197,5.2635024935007095
1257,729241.5122028732,4373568.814475815,5.269061787053943
1258,729248.0025766152,4373566.957583595,5.250673726201057
1259,729254.6543865851,4373565.034729213,5.248441108502448
1260,729261.1647303832,4373563.0117722,5.244250354357064
1261,729267.5040170471,4373560.917707381,5.230083288624883
1262,729273.6616000608,4373558.763595833,5.203081414103508
1263,729279.7806771732,4373556.836562439,5.208058348856866
1264,729285.9028895963,4373555.923947459,5.169030715711415
1265,729291.3986571636,4373556.625167804,5.1481086714193225
1266,729295.8071603486,4373558.7101195995,5.111190842464566
1267,729299.2693667394,4373561.847553735,5.084182219579816
1268,729301.8045467896,4373565.687685113,5.088177397847176
1269,729303.3820443971,4373569.911150893,5.0962710762396455
1270,729303.891665698,4373574.391892921,5.066271820105612
1271,729303.3247985606,4373578.846475485,5.07722133398056
1272,729301.747693101,4373583.059248407,5.122324308380485
1273,729299.1335575001,4373586.8315464845,5.143289905041456
1274,729295.3829552408,4373589.786840812,5.1781679121777415
1275,729290.7168179903,4373591.552500797,5.217132703401148
1276,729285.4687712528,4373591.791976536,5.221058817580342
1277,729280.1387536613,4373590.28706269,5.247907834127545
1278,729275.0760474893,4373587.276717699,5.252778955735266
1279,729270.123892365,4373583.422181019,5.26271563116461
1280,729264.8176849651,4373579.447453377,5.287420412525535
1281,729258.9748939348,4373575.915417133,5.308677211403847
1282,729252.6694459629,4373573.530057912,5.262257372960448
1283,729246.0326400712,4373572.617334131,5.256397924385965
1284,729239.2580999791,4373573.106407535,5.256995094008744
1285,729232.5674537733,4373574.660488525,5.247807479463518
1286,729226.1397481653,4373576.708938618,5.24672142509371
1287,729219.7426900491,4373578.801814409,5.313489582389593
1288,729213.2868919447,4373580.991381409,5.347381055355072
1289,729206.709220482,4373583.191422283,5.386967717669904
1290,729199.985019924,4373585.378987744,5.419984512962401
1291,729193.0937974211,4373587.592870218,5.430190465413034
1292,729186.1617398218,4373589.803907835,5.469918549992144
1293,729179.2050779237,4373592.12847633,5.476273857988417
1294,729172.2269608633,4373594.471720779,5.504846767522395
1295,729165.1868254589,4373596.82837033,5.5205116188153625
1296,729158.1555041239,4373599.210725907,5.550403466448188
1297,729151.2028237514,4373601.591633531,5.583561562933028
1298,729144.2633065208,4373604.010610253,5.602441732771695
1299,729137.2455082875,4373606.4922610335,5.631939274258912
1300,729130.2015968307,4373609.067489752,5.6027872040867805
1301,729123.1966610342,4373611.624072273,5.549380489625037
1302,729116.2040341833,4373614.156620299,5.5432198736816645
1303,729109.263891342,4373616.687114888,5.569078124128282
1304,729102.3837647592,4373619.209998146,5.651840342208743
1305,729095.570799792,4373621.710881104,5.623042078688741
1306,729088.8020006544,4373624.117703126,5.6268338449299335
1307,729082.0394038357,4373626.412610239,5.563710962422192
1308,729075.1578005494,4373628.745093607,5.750447562895715
1309,729068.1673382219,4373631.047028755,5.754717971198261
1310,729061.1940166892,4373633.3740905505,5.704106624238193
1311,729054.3899946772,4373635.663732745,5.693801774643362
1312,729047.7819454325,4373637.934211728,5.698236964643002
1313,729041.1702048326,4373640.245722392,5.697689737193286
1314,729034.4748356622,4373642.613338723,5.686551193706691
1315,729027.7218841442,4373644.968041176,5.742399133741856
1316,729021.005986278,4373647.325893968,5.768080530688167
1317,729014.2276905782,4373649.638198035,5.788987240754068
1318,729007.3790119991,4373651.925292497,5.823037788271904
1319,729000.5907292229,4373654.185345683,5.816898497752845
1320,728993.838421959,4373656.410967589,5.858741975389421
1321,728987.1628673358,4373658.604710766,5.816823933273554
1322,728980.5384378824,4373660.815453591,5.830826487392187
1323,728974.0285092767,4373662.99108235,5.852658241055906
1324,728967.6004834244,4373665.160624772,5.872697552666068
1325,728961.2438328413,4373667.341164122,5.925829493440688
1326,728954.9549427179,4373669.496939434,5.982746106572449
1327,728948.6990108883,4373671.648422563,6.002752065658569
1328,728942.4537145128,4373673.7908389345,6.034942279569805
1329,728936.155444494,4373675.97100028,6.053015288896859
1330,728929.6887598486,4373678.155156293,6.045054912567139
1331,728923.0794341876,4373680.343949425,6.0922666396945715
1332,728916.4450086883,4373682.386805482,6.137529390864074
1333,728909.5982184478,4373684.3208882185,6.160658526234329
1334,728902.6480350895,4373686.225546496,6.148871369659901
1335,833979.0051360081,-0.5990919358278333,-49.5725820530206
1336,728888.819430877,4373690.118775721,6.11245639808476
1337,728882.2141614164,4373692.060810739,6.1096655977889895
1338,728875.7897797684,4373694.062565119,6.0650273421779275
1339,728869.3676857463,4373696.18053766,6.080325766466558
1340,728862.9494035507,4373698.341165721,6.042559863068163
1341,728856.477017926,4373700.507226422,6.0488589592278
1342,728849.9440387534,4373702.717878907,6.0401910757645965
1343,728843.2240905288,4373704.963002311,6.027380571700633
1344,728836.4618972775,4373707.19866203,5.985568421892822
1345,728829.7045005506,4373709.424656564,5.955881146714091
1346,728823.0028976885,4373711.632299658,5.933113346807659
1347,728816.3270228896,4373713.842023184,5.918253876268864
1348,728809.7543305813,4373716.024017992,5.890532927587628
1349,728803.3940609497,4373718.290024819,5.907820140942931
1350,728797.3098130748,4373720.710011346,5.8620120929554105
1351,728791.5792965582,4373723.639464542,5.876249123364687
1352,728786.5783495584,4373727.503358157,5.83857976924628
1353,728782.5170720237,4373732.346943317,5.87585050240159
1354,728779.2216003409,4373737.97356409,5.863055015914142
1355,728776.0061136582,4373743.899321591,5.855399792082608
1356,728772.1740820378,4373749.487625062,5.856736743822694
1357,728767.4501289059,4373754.21075916,5.830939399078488
1358,728761.8856060911,4373757.599725234,5.812237652018666
1359,728755.780982225,4373759.366334655,5.813567898236215
1360,728749.6978913673,4373759.481100756,5.847840817645192
1361,728743.9579579802,4373758.194887497,5.893061947077513
1362,728738.731937641,4373755.738344247,5.895371684804559
1363,728734.1962455576,4373752.204103629,5.9176827212795615
1364,728730.5667098768,4373747.688000476,5.9238612949848175
1365,728728.0733346811,4373742.422572618,5.915118308737874
1366,728726.8789424809,4373736.629422045,5.928418615832925
1367,728727.1027922226,4373730.726502511,5.895610028877854
1368,728728.6273846145,4373725.118639269,5.91485561337322
1369,728731.1664819997,4373720.1110109035,5.920145273208618
1370,728734.6113237563,4373715.875415631,5.91245356015861
1371,728738.8397057875,4373712.500659796,5.9417193764820695
1372,728743.7463611175,4373710.12816351,5.907029445283115
1373,728749.1047910163,4373708.944837704,5.877400157041848
1374,728754.5816233853,4373709.041480157,5.890716158784926
1375,728759.8328178197,4373710.298431312,5.9540297742933035
1376,728764.6954790396,4373712.531384807,6.0224731070920825
1377,728769.4290096093,4373715.199253885,6.01484539732337
1378,728774.2395439508,4373717.852793116,5.958228439092636
1379,728779.368231467,4373719.858066369,5.883657064288855
1380,728784.8536511206,4373720.532056516,5.87911322619766
1381,728790.4668132282,4373719.8478175765,5.9055021815001965
1382,728796.312490579,4373718.2990988195,5.916917181573808
1383,728802.498676656,4373716.269868168,5.9443745613098145
1384,728809.0336374306,4373714.039251082,5.922768638469279
1385,728815.9265319516,4373711.652881214,5.934154263697565
1386,728822.8910877766,4373709.23667624,5.949595665559173
1387,728829.7674228465,4373706.882488056,5.954996180720627
1388,728836.5440039905,4373704.600576649,5.994353534653783
1389,728843.133703331,4373702.400000333,6.034735190682113
1390,728849.5133077254,4373700.248057074,6.058121104724705
1391,728855.6151420338,4373698.11688069,6.054508367553353
1392,728861.4604376185,4373696.045314,6.0858667539432645
1393,728867.1301018328,4373694.0550426785,6.097311964258552
1394,728872.6579956785,4373692.162274969,6.09471808001399
1395,728878.1058696427,4373690.299981429,6.1191021567210555
1396,728883.4712483066,4373688.441896445,6.124542114324868
1397,728888.6428384088,4373686.592800589,6.167935810983181
1398,728893.6926949117,4373684.853217255,6.1843410562723875
1399,728898.7217689162,4373683.165095073,6.183703800663352
1400,728903.8550816824,4373681.491220081,6.222070539370179
1401,728909.1294041625,4373679.782846383,6.253450106829405
1402,728914.6419924169,4373677.949964097,6.247878022491932
1403,728920.5338266124,4373675.946635635,6.197210826911032
1404,728926.7517170333,4373673.836611999,6.14962715189904
1405,728933.255164359,4373671.653063819,6.105990211479366
1406,728939.872431161,4373669.412769776,6.088376704603434
1407,728946.4931624762,4373667.162627765,6.08374534919858
1408,728952.8572696643,4373665.004803771,6.064184473827481
1409,728959.0191585383,4373662.940454209,6.00857914891094
1410,728965.094352288,4373660.91211123,5.998864634893835
1411,728971.1403233266,4373658.843992546,5.961256941780448
1412,728977.1286043128,4373656.71516062,5.925726392306387
1413,728983.1230565791,4373654.642338191,5.902005353011191
1414,728989.1188156375,4373652.647523389,5.939418383873999
1415,728995.1205794174,4373650.652961958,5.949845719151199
1416,729001.1295816415,4373648.675914245,5.931186515837908
1417,729007.1450673484,4373646.660880314,5.962505176663399
1418,729013.2013147386,4373644.608120822,5.916815389879048
1419,729019.2413337071,4373642.552354677,5.874153087846935
1420,729025.2417762417,4373640.542367044,5.855305675417185
1421,729031.1952380412,4373638.559625626,5.853464792482555
1422,729037.1234280581,4373636.604859509,5.851629126816988
1423,729043.0073414352,4373634.649366217,5.833668294362724
1424,729048.8702464005,4373632.710648267,5.821642644703388
1425,729054.6508866099,4373630.778657584,5.784640941768885
1426,729060.3658210343,4373628.8391434895,5.777782561257482
1427,729066.0034537774,4373626.924887704,5.781759220175445
1428,729071.6002096401,4373625.056163303,5.759617923758924
1429,729077.1932042569,4373623.234618489,5.75672463234514
1430,729082.7463143556,4373621.340994938,5.748889060690999
1431,729088.3318058954,4373619.446416129,5.67582246940583
1432,729093.9962283298,4373617.52122481,5.6778213400393724
1433,729099.8144206733,4373615.537510663,5.673028006218374
1434,729106.006262017,4373613.539660672,5.6162273390218616
1435,729112.5322777894,4373611.405660477,5.552180868573487
1436,729119.4190763348,4373609.1445965655,5.55534244235605
1437,729126.5419881166,4373606.7781012645,5.6126915933564305
1438,729133.7441085082,4373604.38516043,5.597850632853806
1439,729140.9282533089,4373602.0165408375,5.617993067018688
1440,729148.131740004,4373599.6596680125,5.598369004204869
1441,729155.3589909612,4373597.309845569,5.5707311211153865
1442,729162.6131988572,4373594.940548093,5.546897915191948
1443,729169.8457945213,4373592.5835225545,5.545205378904939
1444,729177.0126160306,4373590.225960869,5.503665439784527
1445,729184.1210856597,4373587.863837711,5.483897969126701
1446,729191.1632854724,4373585.547583213,5.4750681249424815
1447,729198.1428551917,4373583.230375286,5.443473204039037
1448,729205.0821315367,4373580.890963824,5.4136895928531885
1449,729211.9733833277,4373578.5210733395,5.394752681255341
1450,729218.6904463086,4373576.123933847,5.33604602329433
1451,729225.1914757697,4373573.890309139,5.295200857333839
1452,729231.5504622896,4373571.7726981025,5.264245493337512
1453,729237.7770137986,4373569.784311126,5.302489733323455
1454,729243.8945609645,4373567.942727108,5.263669876381755
1455,729249.9375730732,4373566.245355896,5.256782790645957
1456,729255.9256491166,4373564.561791878,5.256015443243086
1457,729261.7551361369,4373562.754627255,5.257235279306769
1458,729267.416112209,4373560.7899506055,5.223385853692889
1459,729272.9871251453,4373558.7348943865,5.229652197100222
1460,729278.6451976689,4373556.95955944,5.204925245605409
1461,729284.4505026917,4373555.867772417,5.188064778223634
1462,729290.3300873104,4373556.051745796,5.1693757167086005
1463,729295.8086501538,4373558.034290193,5.139609793201089
1464,729300.2056285416,4373561.763149802,5.138731273822486
1465,729302.9363337421,4373566.700339101,5.128075642511249
1466,729303.8978684165,4373572.271024759,5.09919523447752
1467,729303.282869056,4373577.919158444,5.087391570210457
1468,729301.1997297839,4373583.208595913,5.125653722323477
1469,729297.8207245754,4373587.611733752,5.167883872054517
1470,729293.358921929,4373590.6618420575,5.184041193686426
1471,729288.324188443,4373592.096688797,5.2124093091115355
1472,729283.144698919,4373592.240545625,5.2456958163529634
1473,729278.1080705784,4373591.666266857,5.281977143138647
1474,729273.4739854125,4373590.068461982,5.294318278320134
1475,729269.4309485344,4373587.273095378,5.307537410408258
1476,729266.0838717694,4373583.534792168,5.307728890329599
1477,729262.9357476742,4373579.723568014,5.318035419099033
1478,729259.1805785235,4373576.469709494,5.333124305121601
1479,729254.6887734096,4373574.189252392,5.276242129504681
1480,729249.6787803334,4373573.068808204,5.291453452780843
1481,729244.5088541058,4373573.028191206,5.307659320533276
1482,729239.3429305727,4373573.773293799,5.29877748619765
1483,729234.1519316894,4373575.055125421,5.25910031888634
1484,729228.6758820665,4373576.706510344,5.276377654634416
1485,729222.9312098362,4373578.579719523,5.316633469425142
1486,729216.9868749946,4373580.547072688,5.365990054793656
1487,729211.1205061256,4373582.463889319,5.379363068379462
1488,729205.4057799801,4373584.3632970955,5.4406496761366725
1489,729199.8453649513,4373586.1874321755,5.445927275344729
1490,729194.4115091271,4373587.987177564,5.47233550529927
1491,729189.1474289324,4373589.808969179,5.491532446816564
1492,729184.0389866392,4373591.581467808,5.532644143328071
1493,729179.2714411312,4373593.230279781,5.511877675540745
1494,729175.4368278685,4373594.671471242,5.541069044731557
1495,729172.6945986038,4373596.181852367,5.5270807249471545
1496,729170.5751344014,4373597.843850396,5.536192306317389
1497,729168.712352162,4373599.148170048,5.5053555984050035
1498,833979.068694737,-0.5164632216784211,-49.53116815537214
1499,729165.7678548563,4373600.242257678,5.492242096923292
1500,729165.496145461,4373600.321097712,5.496325298212469
1501,729165.4896895667,4373600.319540538,5.509245071560144
1502,729165.491068691,4373600.325747456,5.507096941582859
1503,729165.4801290834,4373600.321333138,5.507971369661391
1504,729165.4924398866,4373600.325742018,5.503007258288562
1505,729165.4904673196,4373600.319570139,5.475835580378771
1506,729165.4867741117,4373600.324827491,5.487796211615205
1507,729165.4945329407,4373600.322633191,5.484968485310674
1508,729165.4943181752,4373600.325834318,5.486046503297985
1509,729165.4852091807,4373600.3204157455,5.501087732613087
1510,729165.4895314169,4373600.318033471,5.511412609368563
1511,729165.4893281506,4373600.320314356,5.511760767549276
1512,729165.4903714999,4373600.320898268,5.507025935687125
