2022;10;20;15;49;10.000;2022;10;20;15;49;10.000;39.48256900;-0.34033800;57.545;0.538306;-1.318015;101.003492;6361247.080;6386785.828;50.027;-3.2;4.2;50.02691135;-3.20762568;4.15837814;-0.00000046
0.00000000;9.80106063;1.03333333;2022;10;20;15;49;11.000;2022;10;20;15;49;11.000;39.48257000;-0.34033800;57.526;0.533602;-1.315025;101.019495;6361247.081;6386785.828;50.027;-3.2;4.2;50.02691302;-3.20779260;4.15839546;-0.00000046
0.00000000;9.80106069;1.03333333;2022;10;20;15;49;12.000;2022;10;20;15;49;12.000;39.48257000;-0.34033700;57.491;0.538325;-1.316074;101.028586;6361247.081;6386785.828;50.027;-3.2;4.2;50.02691129;-3.20778223;4.15839546;-0.00000046
0.00000000;9.80106080;1.03333333;2022;10;20;15;49;13.000;2022;10;20;15;49;13.000;39.48257000;-0.34033700;57.492;0.536449;-1.312205;101.025232;6361247.081;6386785.828;50.027;-3.2;4.2;50.02691129;-3.20778223;4.15839546;-0.00000046
0.00000000;9.80106079;1.03333333;2022;10;20;15;49;14.000;2022;10;20;15;49;14.000;39.48257000;-0.34033600;57.546;0.533855;-1.314323;101.024823;6361247.081;6386785.828;50.027;-3.2;4.2;50.02690955;-3.20777187;4.15839546;-0.00000046
0.00000000;9.80106063;1.03333333;2022;10;20;15;49;15.000;2022;10;20;15;49;15.000;39.48257000;-0.34033500;57.566;0.533034;-1.314724;101.012603;6361247.081;6386785.828;50.027;-3.2;4.2;50.02690782;-3.20776151;4.15839546;-0.00000046
0.00000000;9.80106056;1.03333333;2022;10;20;15;49;16.000;2022;10;20;15;49;16.000;39.48256900;-0.34033300;57.593;0.663999;-1.228670;100.965878;6361247.080;6386785.828;50.027;-3.2;4.2;50.02690268;-3.20757384;4.15837814;-0.00000046
0.00000000;9.80106048;1.03333333;2022;10;20;15;49;17.000;2022;10;20;15;49;17.000;39.48256800;-0.34032500;57.666;0.748333;-1.126439;99.193922;6361247.079;6386785.828;50.027;-3.2;4.2;50.02688713;-3.20732391;4.15836081;-0.00000046
0.00000000;9.80106025;1.03333333;2022;10;20;15;49;18.000;2022;10;20;15;49;18.000;39.48256700;-0.34031300;57.650;0.735964;-1.008899;95.506959;6361247.078;6386785.827;50.027;-3.2;4.2;50.02686465;-3.20703239;4.15834349;-0.00000046
0.00000000;9.80106030;1.03333333;2022;10;20;15;49;19.000;2022;10;20;15;49;19.000;39.48256800;-0.34029200;57.740;0.841482;-1.336609;91.469190;6361247.079;6386785.828;50.027;-3.2;4.2;50.02682989;-3.20698158;4.15836081;-0.00000046
0.00000000;9.80106003;1.03333333;2022;10;20;15;49;20.000;2022;10;20;15;49;20.000;39.48256900;-0.34026600;57.850;1.018686;-1.248697;86.676562;6361247.080;6386785.828;50.027;-3.2;4.2;50.02678647;-3.20687913;4.15837814;-0.00000046
0.00000000;9.80105969;1.03333333;2022;10;20;15;49;20.999;2022;10;20;15;49;20.999;39.48257300;-0.34023700;57.880;1.127995;-0.776136;81.360646;6361247.084;6386785.830;50.027;-3.2;4.2;50.02674285;-3.20724803;4.15844742;-0.00000046
0.00000000;9.80105960;1.03333333;2022;10;20;15;49;22.000;2022;10;20;15;49;22.000;39.48258000;-0.34020700;57.986;1.172959;-0.788492;76.202809;6361247.092;6386785.832;50.027;-3.2;4.2;50.02670250;-3.20811036;4.15856867;-0.00000046
0.00000000;9.80105928;1.03333333;2022;10;20;15;49;22.999;2022;10;20;15;49;22.999;39.48258900;-0.34017500;58.095;1.063566;-0.426755;70.812533;6361247.102;6386785.835;50.027;-3.2;4.2;50.02666201;-3.20928954;4.15872456;-0.00000046
0.00000000;9.80105895;1.03333333;2022;10;20;15;49;24.000;2022;10;20;15;49;24.000;39.48260100;-0.34014300;58.149;0.972006;-0.996769;65.199230;6361247.115;6386785.840;50.027;-3.2;4.2;50.02662653;-3.21097506;4.15893241;-0.00000046
0.00000000;9.80105879;1.03333333;2022;10;20;15;49;25.000;2022;10;20;15;49;25.000;39.48261600;-0.34011100;58.207;0.752631;-1.402878;59.575990;6361247.131;6386785.845;50.027;-3.2;4.2;50.02659605;-3.21316829;4.15919223;-0.00000046
0.00000000;9.80105863;1.03333333;2022;10;20;15;49;26.000;2022;10;20;15;49;26.000;39.48263400;-0.34008000;58.292;0.536480;-1.187098;57.132473;6361247.151;6386785.852;50.027;-3.2;4.2;50.02657231;-3.21588069;4.15950402;-0.00000046
0.00000000;9.80105838;1.03333333;2022;10;20;15;49;27.000;2022;10;20;15;49;27.000;39.48265000;-0.34004800;58.372;0.700028;-1.593201;59.331647;6361247.169;6386785.858;50.027;-3.2;4.2;50.02654348;-3.21825187;4.15978116;-0.00000046
0.00000000;9.80105815;1.03333333;2022;10;20;15;49;28.000;2022;10;20;15;49;28.000;39.48266600;-0.34001600;58.259;0.760397;-1.911784;63.521012;6361247.186;6386785.864;50.027;-3.2;4.2;50.02651465;-3.22062799;4.16005830;-0.00000046
0.00000000;9.80105851;1.03333333;2022;10;20;15;49;29.000;2022;10;20;15;49;29.000;39.48267800;-0.33998200;58.162;-0.114234;-1.715856;71.673977;6361247.199;6386785.868;50.026;-3.2;4.2;50.02647567;-3.22231487;4.16026615;-0.00000046
0.00000000;9.80105882;1.03333333;2022;10;20;15;49;30.000;2022;10;20;15;49;30.000;39.48268600;-0.33994600;58.058;-0.321475;-0.941991;82.496883;6361247.208;6386785.871;50.026;-3.2;4.2;50.02642654;-3.22331090;4.16040472;-0.00000046
0.00000000;9.80105915;1.03333333;2022;10;20;15;49;31.000;2022;10;20;15;49;31.000;39.48268900;-0.33990800;58.010;-0.357379;-1.398524;94.769476;6361247.211;6386785.872;50.026;-3.2;4.2;50.02636560;-3.22344525;4.16045669;-0.00000046
0.00000000;9.80105930;1.03333333;2022;10;20;15;49;32.000;2022;10;20;15;49;32.000;39.48268400;-0.33987000;57.991;-0.282259;-0.870712;106.094196;6361247.206;6386785.870;50.026;-3.2;4.2;50.02629132;-3.22222735;4.16037008;-0.00000046
0.00000000;9.80105935;1.03333333;2022;10;20;15;49;33.000;2022;10;20;15;49;33.000;39.48267500;-0.33982900;57.921;-0.051945;-1.160645;110.664098;6361247.196;6386785.867;50.026;-3.2;4.2;50.02620517;-3.22030065;4.16021419;-0.00000046
0.00000000;9.80105956;1.03333333;2022;10;20;15;49;34.000;2022;10;20;15;49;34.000;39.48266500;-0.33978400;57.892;0.482133;-0.694359;111.157524;6361247.185;6386785.863;50.026;-3.2;4.2;50.02611042;-3.21816120;4.16004098;-0.00000046
0.00000000;9.80105964;1.03333333;2022;10;20;15;49;35.000;2022;10;20;15;49;35.000;39.48265300;-0.33973500;57.915;1.026686;-1.006868;112.419552;6361247.172;6386785.859;50.026;-3.2;4.2;50.02600540;-3.21563797;4.15983312;-0.00000046
0.00000000;9.80105956;1.03333333;2022;10;20;15;49;36.000;2022;10;20;15;49;36.000;39.48263800;-0.33968400;57.957;1.257693;-1.133662;114.169160;6361247.155;6386785.853;50.026;-3.2;4.2;50.02589193;-3.21257884;4.15957330;-0.00000046
0.00000000;9.80105942;1.03333333;2022;10;20;15;49;37.000;2022;10;20;15;49;37.000;39.48262200;-0.33963100;57.965;1.094021;-1.157555;114.813472;6361247.138;6386785.848;50.026;-3.2;4.2;50.02577333;-3.20932181;4.15929616;-0.00000046
0.00000000;9.80105938;1.03333333;2022;10;20;15;49;38.000;2022;10;20;15;49;38.000;39.48260600;-0.33957700;58.020;1.270627;-1.076661;114.496012;6361247.120;6386785.842;50.026;-3.2;4.2;50.02565300;-3.20604642;4.15901902;-0.00000046
0.00000000;9.80105920;1.03333333;2022;10;20;15;49;39.000;2022;10;20;15;49;39.000;39.48258900;-0.33952300;58.182;1.144739;-1.271642;113.861432;6361247.102;6386785.835;50.026;-3.2;4.2;50.02553103;-3.20259187;4.15872456;-0.00000046
0.00000000;9.80105868;1.03333333;2022;10;20;15;49;40.000;2022;10;20;15;49;40.000;39.48257300;-0.33946600;58.281;1.211173;-1.036006;113.552947;6361247.084;6386785.830;50.025;-3.2;4.2;50.02540553;-3.19926852;4.15844742;-0.00000046
0.00000000;9.80105836;1.03333333;2022;10;20;15;49;41.000;2022;10;20;15;49;41.000;39.48255600;-0.33940700;58.250;0.894460;-0.766709;113.434771;6361247.066;6386785.823;50.025;-3.2;4.2;50.02527491;-3.19574415;4.15815296;-0.00000046
0.00000000;9.80105844;1.03333333;2022;10;20;15;49;42.000;2022;10;20;15;49;42.000;39.48254000;-0.33934600;58.218;1.138241;-0.997682;113.536131;6361247.048;6386785.817;50.025;-3.2;4.2;50.02514250;-3.19236078;4.15787582;-0.00000046
0.00000000;9.80105853;1.03333333;2022;10;20;15;49;43.000;2022;10;20;15;49;43.000;39.48252200;-0.33928300;58.248;1.350074;-1.163538;113.760626;6361247.028;6386785.811;50.025;-3.2;4.2;50.02500330;-3.18860285;4.15756404;-0.00000046
0.00000000;9.80105842;1.03333333;2022;10;20;15;49;44.000;2022;10;20;15;49;44.000;39.48250400;-0.33921900;58.208;1.308149;-1.187391;113.776991;6361247.008;6386785.804;50.025;-3.2;4.2;50.02486240;-3.18482331;4.15725226;-0.00000046
0.00000000;9.80105853;1.03333333;2022;10;20;15;49;45.000;2022;10;20;15;49;45.000;39.48248500;-0.33915400;58.076;1.386095;-1.160593;113.777599;6361246.988;6386785.797;50.025;-3.2;4.2;50.02471811;-3.18084930;4.15692315;-0.00000046
0.00000000;9.80105892;1.03333333;2022;10;20;15;49;46.000;2022;10;20;15;49;46.000;39.48246600;-0.33908800;57.923;1.241490;-1.184224;113.937145;6361246.967;6386785.790;50.025;-3.2;4.2;50.02457210;-3.17685252;4.15659405;-0.00000046
0.00000000;9.80105937;1.03333333;2022;10;20;15;49;47.000;2022;10;20;15;49;47.000;39.48244600;-0.33902100;57.940;1.402761;-1.050423;114.125009;6361246.945;6386785.783;50.024;-3.2;4.2;50.02442272;-3.17265946;4.15624763;-0.00000046
0.00000000;9.80105930;1.03333333;2022;10;20;15;49;48.000;2022;10;20;15;49;48.000;39.48242700;-0.33895400;57.954;1.110529;-0.841389;114.248219;6361246.924;6386785.776;50.024;-3.2;4.2;50.02427502;-3.16862707;4.15591853;-0.00000046
0.00000000;9.80105924;1.03333333;2022;10;20;15;49;49.000;2022;10;20;15;49;49.000;39.48240800;-0.33888700;57.998;0.968306;-1.456658;114.109880;6361246.903;6386785.769;50.024;-3.2;4.2;50.02412734;-3.16458242;4.15558942;-0.00000046
0.00000000;9.80105909;1.03333333;2022;10;20;15;49;49.999;2022;10;20;15;49;49.999;39.48238800;-0.33882100;58.032;0.371118;-0.774069;114.015808;6361246.881;6386785.762;50.024;-3.2;4.2;50.02397975;-3.16036253;4.15524300;-0.00000046
0.00000000;9.80105897;1.03333333;2022;10;20;15;49;51.000;2022;10;20;15;49;51.000;39.48237000;-0.33875700;58.108;0.790209;-0.491769;113.912966;6361246.861;6386785.755;50.024;-3.2;4.2;50.02383896;-3.15650165;4.15493122;-0.00000046
0.00000000;9.80105871;1.03333333;2022;10;20;15;49;51.999;2022;10;20;15;49;51.999;39.48235100;-0.33869200;58.171;0.320018;-0.743892;113.832513;6361246.841;6386785.748;50.024;-3.2;4.2;50.02369480;-3.15244343;4.15460212;-0.00000046
0.00000000;9.80105850;1.03333333;2022;10;20;15;49;53.000;2022;10;20;15;49;53.000;39.48233100;-0.33862600;58.314;1.075651;-0.986076;113.666731;6361246.819;6386785.741;50.024;-3.1;4.2;50.02354726;-3.14818664;4.15425570;-0.00000046
0.00000000;9.80105804;1.03333333;2022;10;20;15;49;54.000;2022;10;20;15;49;54.000;39.48231100;-0.33855600;58.338;0.119514;-0.853235;113.574653;6361246.797;6386785.733;50.023;-3.1;4.2;50.02339282;-3.14387069;4.15390927;-0.00000046
0.00000000;9.80105795;1.03333333;2022;10;20;15;49;55.000;2022;10;20;15;49;55.000;39.48229200;-0.33848500;58.384;-0.373959;-0.959018;113.367589;6361246.776;6386785.726;50.023;-3.1;4.2;50.02323831;-3.13970539;4.15358017;-0.00000046
0.00000000;9.80105779;1.03333333;2022;10;20;15;49;56.000;2022;10;20;15;49;56.000;39.48227100;-0.33841400;58.348;0.005582;-1.409680;113.455740;6361246.753;6386785.719;50.023;-3.1;4.2;50.02308052;-3.13517474;4.15321643;-0.00000046
0.00000000;9.80105789;1.03333333;2022;10;20;15;49;57.000;2022;10;20;15;49;57.000;39.48225000;-0.33834300;58.371;0.929936;-1.739319;113.571921;6361246.730;6386785.711;50.023;-3.1;4.2;50.02292274;-3.13062973;4.15285269;-0.00000046
0.00000000;9.80105780;1.03333333;2022;10;20;15;49;58.000;2022;10;20;15;49;58.000;39.48222900;-0.33826900;58.461;0.766476;-1.651031;113.906218;6361246.707;6386785.703;50.023;-3.1;4.2;50.02275980;-3.12603434;4.15248895;-0.00000046
0.00000000;9.80105750;1.03333333;2022;10;20;15;49;59.000;2022;10;20;15;49;59.000;39.48220700;-0.33819300;58.490;1.197338;-1.574445;114.251689;6361246.683;6386785.695;50.023;-3.1;4.2;50.02259175;-3.12122252;4.15210788;-0.00000046
0.00000000;9.80105739;1.03333333;2022;10;20;15;50;0.000;2022;10;20;15;50;0.000;39.48218500;-0.33811600;58.533;1.057701;-1.676321;114.115543;6361246.658;6386785.687;50.022;-3.1;4.2;50.02242200;-3.11638239;4.15172682;-0.00000046
0.00000000;9.80105724;1.03333333;2022;10;20;15;50;1.000;2022;10;20;15;50;1.000;39.48216200;-0.33804000;58.562;1.100611;-1.391593;113.722957;6361246.633;6386785.679;50.022;-3.1;4.2;50.02225235;-3.11136028;4.15132844;-0.00000046
0.00000000;9.80105713;1.03333333;2022;10;20;15;50;2.000;2022;10;20;15;50;2.000;39.48213900;-0.33796300;58.608;0.890866;-1.443055;113.639779;6361246.608;6386785.670;50.022;-3.1;4.2;50.02208099;-3.10630890;4.15093005;-0.00000046
0.00000000;9.80105697;1.03333333;2022;10;20;15;50;3.000;2022;10;20;15;50;3.000;39.48211700;-0.33788400;58.499;0.786309;-1.707727;113.584878;6361246.584;6386785.662;50.022;-3.1;4.2;50.02190785;-3.10139410;4.15054899;-0.00000046
0.00000000;9.80105728;1.03333333;2022;10;20;15;50;4.000;2022;10;20;15;50;4.000;39.48209800;-0.33780400;59.119;0.747071;-2.032165;113.380437;6361246.563;6386785.655;50.022;-3.1;4.2;50.02173796;-3.09698725;4.15021989;-0.00000047
0.00000000;9.80105535;1.03333333;2022;10;20;15;50;5.000;2022;10;20;15;50;5.000;39.48207500;-0.33772600;59.270;1.062714;-1.347144;113.551915;6361246.538;6386785.647;50.022;-3.1;4.1;50.02156494;-3.09187325;4.14982151;-0.00000047
0.00000000;9.80105487;1.03333333;2022;10;20;15;50;6.000;2022;10;20;15;50;6.000;39.48205300;-0.33764800;59.653;1.187753;-1.509059;113.809530;6361246.514;6386785.639;50.021;-3.1;4.1;50.02139361;-3.08692185;4.14944045;-0.00000047
0.00000000;9.80105367;1.03333333;2022;10;20;15;50;7.000;2022;10;20;15;50;7.000;39.48203000;-0.33756900;59.778;0.881709;-1.145418;114.046216;6361246.488;6386785.630;50.021;-3.1;4.1;50.02121891;-3.08176070;4.14904207;-0.00000047
0.00000000;9.80105326;1.03333333;2022;10;20;15;50;8.000;2022;10;20;15;50;8.000;39.48200700;-0.33749100;59.748;0.919623;-1.337007;114.163641;6361246.463;6386785.622;50.021;-3.1;4.1;50.02104598;-3.07659514;4.14864368;-0.00000047
0.00000000;9.80105333;1.03333333;2022;10;20;15;50;9.000;2022;10;20;15;50;9.000;39.48198400;-0.33741400;59.819;1.066294;-1.375842;113.867129;6361246.438;6386785.613;50.021;-3.1;4.1;50.02087480;-3.07142548;4.14824530;-0.00000047
0.00000000;9.80105309;1.03333333;2022;10;20;15;50;10.000;2022;10;20;15;50;10.000;39.48196000;-0.33733700;59.754;0.742619;-1.480145;113.545536;6361246.412;6386785.604;50.021;-3.1;4.1;50.02070199;-3.06605740;4.14782960;-0.00000047
0.00000000;9.80105327;1.03333333;2022;10;20;15;50;11.000;2022;10;20;15;50;11.000;39.48193800;-0.33726000;59.779;0.488363;-1.451870;113.178495;6361246.387;6386785.596;50.021;-3.1;4.1;50.02053251;-3.06220619;4.14744854;-0.00000047
0.00000000;9.80105317;1.03333333;2022;10;20;15;50;11.999;2022;10;20;15;50;11.999;39.48191500;-0.33718200;59.689;0.668007;-1.524882;113.096888;6361246.362;6386785.588;50.020;-3.1;4.1;50.02035968;-3.06116284;4.14705016;-0.00000047
0.00000000;9.80105343;1.03333333;2022;10;20;15;50;12.999;2022;10;20;15;50;12.999;39.48189300;-0.33710500;59.582;0.693168;-1.047974;113.620450;6361246.338;6386785.580;50.020;-3.1;4.1;50.02019025;-3.06013287;4.14666910;-0.00000047
0.00000000;9.80105374;1.03333333;2022;10;20;15;50;13.999;2022;10;20;15;50;13.999;39.48187000;-0.33703300;59.772;0.531130;-1.566046;114.347844;6361246.313;6386785.571;50.020;-3.1;4.1;50.02002784;-3.05916979;4.14627072;-0.00000047
0.00000000;9.80105314;1.03333333;2022;10;20;15;50;15.000;2022;10;20;15;50;15.000;39.48184700;-0.33695900;59.638;0.891253;-1.341514;114.096965;6361246.288;6386785.563;50.020;-3.1;4.1;50.01986200;-3.05817995;4.14587234;-0.00000047
0.00000000;9.80105353;1.03333333;2022;10;20;15;50;16.000;2022;10;20;15;50;16.000;39.48182500;-0.33688500;59.404;0.313152;-1.666720;113.606810;6361246.263;6386785.555;50.020;-3.1;4.1;50.01969783;-3.05719011;4.14549128;-0.00000047
0.00000000;9.80105423;1.03333333;2022;10;20;15;50;17.000;2022;10;20;15;50;17.000;39.48180300;-0.33681200;59.281;0.286687;-1.233092;113.382738;6361246.239;6386785.547;50.020;-3.1;4.1;50.01953541;-3.05621365;4.14511022;-0.00000047
0.00000000;9.80105459;1.03333333;2022;10;20;15;50;18.000;2022;10;20;15;50;18.000;39.48177900;-0.33674000;59.163;0.586726;-0.957936;113.310222;6361246.213;6386785.538;50.019;-3.1;4.1;50.01937146;-3.05525056;4.14469452;-0.00000047
0.00000000;9.80105493;1.03333333;2022;10;20;15;50;19.000;2022;10;20;15;50;19.000;39.48175900;-0.33667400;59.149;1.030621;-1.629122;113.356948;6361246.191;6386785.531;50.019;-3.1;4.1;50.01922447;-3.05436773;4.14434810;-0.00000047
0.00000000;9.80105496;1.03333333;2022;10;20;15;50;20.000;2022;10;20;15;50;20.000;39.48174700;-0.33662400;59.410;0.181269;-1.150902;113.374570;6361246.178;6386785.526;50.019;-3.1;4.1;50.01911832;-3.05369892;4.14414025;-0.00000047
0.00000000;9.80105414;1.03333333;2022;10;20;15;50;21.000;2022;10;20;15;50;21.000;39.48174000;-0.33658500;59.790;-0.935283;-1.764073;113.340528;6361246.170;6386785.524;50.019;-3.1;4.1;50.01903940;-3.05317725;4.14401901;-0.00000047
0.00000000;9.80105296;1.03333333;2022;10;20;15;50;22.000;2022;10;20;15;50;22.000;39.48173100;-0.33655400;59.756;-1.168656;-1.080236;113.345644;6361246.160;6386785.520;50.019;-3.1;4.1;50.01897102;-3.05276258;4.14386312;-0.00000047
0.00000000;9.80105306;1.03333333;2022;10;20;15;50;23.000;2022;10;20;15;50;23.000;39.48171900;-0.33652400;59.605;-1.050163;-1.628684;113.379562;6361246.147;6386785.516;50.019;-3.1;4.1;50.01889945;-3.05236130;4.14365527;-0.00000047
0.00000000;9.80105352;1.03333333;2022;10;20;15;50;24.000;2022;10;20;15;50;24.000;39.48170700;-0.33648800;59.441;-0.327590;-1.493994;113.507956;6361246.134;6386785.512;50.019;-3.1;4.1;50.01881752;-3.05187976;4.14344742;-0.00000047
0.00000000;9.80105401;1.03333333;2022;10;20;15;50;25.000;2022;10;20;15;50;25.000;39.48169500;-0.33644200;59.505;-0.164815;-0.992436;113.670774;6361246.121;6386785.507;50.019;-3.1;4.1;50.01871831;-3.05126445;4.14323957;-0.00000047
0.00000000;9.80105380;1.03333333;2022;10;20;15;50;26.000;2022;10;20;15;50;26.000;39.48167900;-0.33638800;59.291;0.171229;-1.337710;113.938572;6361246.103;6386785.501;50.019;-3.1;4.1;50.01859872;-3.05054213;4.14296244;-0.00000047
0.00000000;9.80105445;1.03333333;2022;10;20;15;50;27.000;2022;10;20;15;50;27.000;39.48166100;-0.33632500;59.220;1.090367;-1.189087;114.145964;6361246.084;6386785.495;50.018;-3.0;4.1;50.01846030;-3.04969943;4.14265066;-0.00000047
0.00000000;9.80105465;1.03333333;2022;10;20;15;50;28.000;2022;10;20;15;50;28.000;39.48164200;-0.33625000;59.123;0.801672;-1.507681;114.165451;6361246.063;6386785.488;50.018;-3.0;4.1;50.01829952;-3.04869621;4.14232157;-0.00000047
0.00000000;9.80105494;1.03333333;2022;10;20;15;50;29.000;2022;10;20;15;50;29.000;39.48161900;-0.33616900;58.806;0.723547;-1.302358;114.200080;6361246.037;6386785.479;50.018;-3.0;4.1;50.01812184;-3.04761274;4.14192319;-0.00000047
0.00000000;9.80105589;1.03333333;2022;10;20;15;50;30.000;2022;10;20;15;50;30.000;39.48159600;-0.33608600;58.748;0.462848;-0.860287;113.994081;6361246.012;6386785.471;50.018;-3.0;4.1;50.01794073;-3.04650252;4.14152482;-0.00000047
0.00000000;9.80105605;1.03333333;2022;10;20;15;50;31.000;2022;10;20;15;50;31.000;39.48157400;-0.33600200;58.726;0.489052;-0.166888;113.459435;6361245.988;6386785.463;50.018;-3.0;4.1;50.01775956;-3.04537891;4.14114376;-0.00000047
0.00000000;9.80105610;1.03333333;2022;10;20;15;50;31.999;2022;10;20;15;50;31.999;39.48155100;-0.33592000;58.789;1.065196;-1.529735;113.225398;6361245.963;6386785.454;50.018;-3.0;4.1;50.01758023;-3.04428206;4.14074538;-0.00000047
0.00000000;9.80105589;1.03333333;2022;10;20;15;50;32.999;2022;10;20;15;50;32.999;39.48152800;-0.33583600;58.812;1.635181;-1.093360;113.337980;6361245.938;6386785.446;50.017;-3.0;4.1;50.01739747;-3.04315846;4.14034701;-0.00000047
0.00000000;9.80105579;1.03333333;2022;10;20;15;50;34.000;2022;10;20;15;50;34.000;39.48150400;-0.33574700;58.459;1.495623;-1.803211;113.030198;6361245.911;6386785.437;50.017;-3.0;4.1;50.01720447;-3.04196798;4.13993131;-0.00000046
0.00000000;9.80105686;1.03333333;2022;10;20;15;50;34.999;2022;10;20;15;50;34.999;39.48148000;-0.33565900;58.306;1.324157;-1.578175;112.835640;6361245.885;6386785.428;50.017;-3.0;4.1;50.01701323;-3.04079087;4.13951561;-0.00000046
0.00000000;9.80105731;1.03333333;2022;10;20;15;50;35.999;2022;10;20;15;50;35.999;39.48145700;-0.33557200;58.196;1.598643;-1.000216;112.881812;6361245.860;6386785.420;50.017;-3.0;4.1;50.01682538;-3.03962714;4.13911724;-0.00000046
0.00000000;9.80105763;1.03333333;2022;10;20;15;50;37.000;2022;10;20;15;50;37.000;39.48143400;-0.33548500;58.232;1.380215;-1.711520;113.007290;6361245.834;6386785.411;50.017;-3.0;4.1;50.01663756;-3.03846341;4.13871886;-0.00000046
0.00000000;9.80105750;1.03333333;2022;10;20;15;50;38.000;2022;10;20;15;50;38.000;39.48141000;-0.33539800;58.117;0.952732;-1.512373;113.272684;6361245.808;6386785.403;50.016;-3.0;4.1;50.01644813;-3.03729967;4.13830317;-0.00000046
0.00000000;9.80105783;1.03333333;2022;10;20;15;50;39.000;2022;10;20;15;50;39.000;39.48138600;-0.33531200;58.074;1.647075;-1.457886;113.822111;6361245.782;6386785.394;50.016;-3.0;4.1;50.01626046;-3.03614932;4.13788747;-0.00000046
0.00000000;9.80105795;1.03333333;2022;10;20;15;50;40.000;2022;10;20;15;50;40.000;39.48136200;-0.33522800;58.146;1.359257;-1.476722;113.803615;6361245.755;6386785.385;50.016;-3.0;4.1;50.01607627;-3.03502572;4.13747177;-0.00000046
0.00000000;9.80105770;1.03333333;2022;10;20;15;50;41.000;2022;10;20;15;50;41.000;39.48133700;-0.33514300;58.348;1.608957;-1.749641;113.642122;6361245.728;6386785.376;50.016;-3.0;4.1;50.01588875;-3.03388874;4.13703876;-0.00000046
0.00000000;9.80105706;1.03333333;2022;10;20;15;50;42.000;2022;10;20;15;50;42.000;39.48131300;-0.33505800;58.162;0.823221;-1.286089;113.391631;6361245.702;6386785.367;50.016;-3.0;4.1;50.01570289;-3.03275176;4.13662306;-0.00000046
0.00000000;9.80105761;1.03333333;2022;10;20;15;50;43.000;2022;10;20;15;50;43.000;39.48129100;-0.33497500;57.923;0.798160;-1.770208;113.419096;6361245.678;6386785.359;50.016;-3.0;4.1;50.01552378;-3.03164153;4.13624201;-0.00000046
0.00000000;9.80105833;1.03333333;2022;10;20;15;50;44.000;2022;10;20;15;50;44.000;39.48126800;-0.33489400;57.838;1.106385;-1.729826;113.646356;6361245.652;6386785.350;50.015;-3.0;4.1;50.01534651;-3.03055806;4.13584364;-0.00000046
0.00000000;9.80105857;1.03333333;2022;10;20;15;50;45.000;2022;10;20;15;50;45.000;39.48124700;-0.33481500;57.792;1.049874;-1.558009;113.217585;6361245.629;6386785.343;50.015;-3.0;4.1;50.01517598;-3.02950134;4.13547991;-0.00000046
0.00000000;9.80105869;1.03333333;2022;10;20;15;50;46.000;2022;10;20;15;50;46.000;39.48122700;-0.33473900;57.894;1.339879;-0.835793;112.515687;6361245.607;6386785.335;50.015;-3.0;4.1;50.01501228;-3.02848475;4.13513349;-0.00000046
0.00000000;9.80105836;1.03333333;2022;10;20;15;50;47.000;2022;10;20;15;50;47.000;39.48120700;-0.33466300;57.896;2.034910;-2.142049;111.625269;6361245.585;6386785.328;50.015;-3.0;4.1;50.01484860;-3.02746815;4.12904481;-0.00000046
0.00000000;9.80105834;1.03333333;2022;10;20;15;50;48.000;2022;10;20;15;50;48.000;39.48118800;-0.33458800;57.851;1.713395;-1.010533;111.036487;6361245.565;6386785.321;50.015;-3.0;4.1;50.01468830;-3.02646494;4.12145154;-0.00000046
0.00000000;9.80105846;1.03333333;2022;10;20;15;50;49.000;2022;10;20;15;50;49.000;39.48116900;-0.33451000;57.788;1.283831;-1.539635;111.745583;6361245.544;6386785.314;50.015;-3.0;4.1;50.01452284;-3.02542159;4.11357660;-0.00000046
0.00000000;9.80105864;1.03333333;2022;10;20;15;50;50.000;2022;10;20;15;50;50.000;39.48114900;-0.33443600;57.843;1.149864;-1.388173;112.944322;6361245.522;6386785.307;50.014;-3.0;4.1;50.01436268;-3.02443175;4.10608158;-0.00000046
0.00000000;9.80105845;1.03333333;2022;10;20;15;50;51.000;2022;10;20;15;50;51.000;39.48112900;-0.33436300;57.685;0.559909;-1.595306;114.079957;6361245.500;6386785.299;50.014;-3.0;4.1;50.01420426;-3.02345528;4.09869248;-0.00000046
0.00000000;9.80105892;1.03333333;2022;10;20;15;50;51.999;2022;10;20;15;50;51.999;39.48110800;-0.33429200;57.633;1.109388;-1.369463;114.338733;6361245.477;6386785.292;50.014;-3.0;4.1;50.01404768;-3.02250557;4.09148978;-0.00000046
0.00000000;9.80105906;1.03333333;2022;10;20;15;50;53.000;2022;10;20;15;50;53.000;39.48108900;-0.33422200;57.628;1.625433;-1.458305;110.150973;6361245.456;6386785.285;50.014;-3.0;4.1;50.01389610;-3.02156924;4.08442448;-0.00000046
0.00000000;9.80105906;1.03333333;2022;10;20;15;50;53.999;2022;10;20;15;50;53.999;39.48107800;-0.33415000;57.457;0.871343;-1.683808;97.985122;6361245.444;6386785.281;50.014;-3.0;4.1;50.01375410;-3.02060615;4.07729870;-0.00000046
0.00000000;9.80105958;1.03333333;2022;10;20;15;50;55.000;2022;10;20;15;50;55.000;39.48108100;-0.33408500;57.331;0.893410;-1.802828;80.358910;6361245.447;6386785.282;50.014;-3.0;4.1;50.01364693;-3.01973668;4.07106829;-0.00000045
0.00000000;9.80105997;1.03333333;2022;10;20;15;50;56.000;2022;10;20;15;50;56.000;39.48109700;-0.33403200;57.176;0.649807;-1.593056;63.276833;6361245.465;6386785.288;50.014;-3.0;4.1;50.01358157;-3.01902772;4.06619290;-0.00000045
0.00000000;9.80106046;1.03333333;2022;10;20;15;50;57.000;2022;10;20;15;50;57.000;39.48112400;-0.33399000;57.110;0.280849;-1.527855;47.323341;6361245.494;6386785.297;50.014;-3.0;4.1;50.01355303;-3.01846590;4.06254108;-0.00000045
0.00000000;9.80106069;1.03333333;2022;10;20;15;50;58.000;2022;10;20;15;50;58.000;39.48115700;-0.33395800;57.097;0.380224;-1.750910;33.535177;6361245.531;6386785.310;50.014;-3.0;4.1;50.01355147;-3.01803784;4.05993975;-0.00000045
0.00000000;9.80106076;1.03333333;2022;10;20;15;50;59.000;2022;10;20;15;50;59.000;39.48119400;-0.33393700;57.038;0.640191;-1.564706;20.641083;6361245.571;6386785.323;50.014;-3.0;4.1;50.01357536;-3.01775692;4.05845737;-0.00000045
0.00000000;9.80106097;1.03333333;2022;10;20;15;51;0.000;2022;10;20;15;51;0.000;39.48123400;-0.33392800;56.983;1.118261;-1.615403;6.148351;6361245.615;6386785.338;50.014;-3.0;4.1;50.01362481;-3.01763651;4.05817916;-0.00000045
0.00000000;9.80106118;1.03333333;2022;10;20;15;51;1.000;2022;10;20;15;51;1.000;39.48127400;-0.33393200;56.959;1.040743;-0.976512;-7.046732;6361245.659;6386785.353;50.014;-3.0;4.1;50.01369668;-3.01769000;4.05916191;-0.00000045
0.00000000;9.80106129;1.03333333;2022;10;20;15;51;2.000;2022;10;20;15;51;2.000;39.48131200;-0.33394800;56.986;0.894331;-0.990459;-20.337785;6361245.701;6386785.367;50.014;-3.0;4.1;50.01378601;-3.01790400;4.06128335;-0.00000045
0.00000000;9.80106124;1.03333333;2022;10;20;15;51;2.999;2022;10;20;15;51;2.999;39.48134800;-0.33397600;57.017;0.940686;-1.131058;-35.768884;6361245.740;6386785.380;50.014;-3.0;4.1;50.01389281;-3.01827852;4.06454745;-0.00000045
0.00000000;9.80106117;1.03333333;2022;10;20;15;51;4.000;2022;10;20;15;51;4.000;39.48137600;-0.33401800;57.085;0.536164;-1.234673;-53.100670;6361245.771;6386785.390;50.014;-3.0;4.1;50.01401079;-3.01884031;4.06906192;-0.00000045
0.00000000;9.80106099;1.03333333;2022;10;20;15;51;5.000;2022;10;20;15;51;5.000;39.48139400;-0.33407100;57.048;0.231634;-0.736196;-71.183105;6361245.791;6386785.397;50.014;-3.0;4.1;50.01413152;-3.01954925;4.07450405;-0.00000045
0.00000000;9.80106112;1.03333333;2022;10;20;15;51;6.000;2022;10;20;15;51;6.000;39.48139900;-0.33413100;57.035;0.602205;-1.399431;-89.669278;6361245.796;6386785.398;50.014;-3.0;4.1;50.01424321;-3.02035183;4.08043403;-0.00000045
0.00000000;9.80106116;1.03333333;2022;10;20;15;51;7.000;2022;10;20;15;51;7.000;39.48138800;-0.33419400;56.921;0.347842;-1.066594;-107.465766;6361245.784;6386785.394;50.014;-3.0;4.1;50.01433407;-3.02119454;4.08640774;-0.00000045
0.00000000;9.80106151;1.03333333;2022;10;20;15;51;8.000;2022;10;20;15;51;8.000;39.48136200;-0.33425400;56.919;0.438863;-1.189782;-120.280492;6361245.755;6386785.385;50.014;-3.0;4.1;50.01439533;-3.02199714;4.09184668;-0.00000045
0.00000000;9.80106149;1.03333333;2022;10;20;15;51;9.000;2022;10;20;15;51;9.000;39.48132900;-0.33431300;56.947;-0.144216;-1.353169;-123.033249;6361245.719;6386785.373;50.014;-3.0;4.1;50.01444346;-3.02278636;4.09706623;-0.00000045
0.00000000;9.80106137;1.03333333;2022;10;20;15;51;10.000;2022;10;20;15;51;10.000;39.48129500;-0.33437600;56.954;-0.665177;-0.647700;-119.774225;6361245.682;6386785.360;50.014;-3.0;4.1;50.01449684;-3.02362909;4.10264638;-0.00000045
0.00000000;9.80106132;1.03333333;2022;10;20;15;51;11.000;2022;10;20;15;51;11.000;39.48126400;-0.33444500;57.085;-0.924151;-1.384655;-111.870268;6361245.648;6386785.349;50.015;-3.0;4.1;50.01456542;-3.02455208;4.10884537;-0.00000045
0.00000000;9.80106089;1.03333333;2022;10;20;15;51;12.000;2022;10;20;15;51;12.000;39.48124200;-0.33451800;57.115;-1.142288;-1.738880;-100.161507;6361245.624;6386785.341;50.015;-3.0;4.1;50.01465552;-3.02552856;4.11556941;-0.00000045
0.00000000;9.80106078;1.03333333;2022;10;20;15;51;12.999;2022;10;20;15;51;12.999;39.48123500;-0.33459500;57.169;0.428175;-0.993762;-87.549317;6361245.616;6386785.338;50.015;-3.0;4.1;50.01477694;-3.02655855;4.12292534;-0.00000045
0.00000000;9.80106060;1.03333333;2022;10;20;15;51;14.000;2022;10;20;15;51;14.000;39.48123900;-0.33467400;57.169;0.897719;-1.202151;-76.230963;6361245.620;6386785.340;50.015;-3.0;4.1;50.01491972;-3.02761528;4.13066085;-0.00000045
0.00000000;9.80106061;1.03333333;2022;10;20;15;51;15.000;2022;10;20;15;51;15.000;39.48125500;-0.33475200;57.248;0.987043;-1.568102;-69.075014;6361245.638;6386785.346;50.015;-3.0;4.1;50.01508035;-3.02865862;4.13561847;-0.00000045
0.00000000;9.80106038;1.03333333;2022;10;20;15;51;16.000;2022;10;20;15;51;16.000;39.48127500;-0.33482600;57.361;1.554557;-0.913824;-66.837520;6361245.660;6386785.353;50.015;-3.0;4.1;50.01524062;-3.02964846;4.13596488;-0.00000045
0.00000000;9.80106005;1.03333333;2022;10;20;15;51;17.000;2022;10;20;15;51;17.000;39.48129500;-0.33490000;57.451;0.803847;-0.998125;-66.302367;6361245.682;6386785.360;50.015;-3.0;4.1;50.01540091;-3.03063831;4.13631129;-0.00000046
0.00000000;9.80105979;1.03333333;2022;10;20;15;51;18.000;2022;10;20;15;51;18.000;39.48131700;-0.33497400;57.529;0.922037;-0.946277;-66.109230;6361245.706;6386785.368;50.016;-3.0;4.1;50.01556448;-3.03162814;4.13669235;-0.00000046
0.00000000;9.80105957;1.03333333;2022;10;20;15;51;19.000;2022;10;20;15;51;19.000;39.48133900;-0.33505000;57.539;0.776157;-0.763172;-66.469393;6361245.730;6386785.376;50.016;-3.0;4.1;50.01573153;-3.03264474;4.13707340;-0.00000046
0.00000000;9.80105956;1.03333333;2022;10;20;15;51;20.000;2022;10;20;15;51;20.000;39.48136000;-0.33512800;57.513;0.659936;-1.256710;-66.988071;6361245.753;6386785.384;50.016;-3.0;4.1;50.01590042;-3.03368808;4.13743713;-0.00000046
0.00000000;9.80105965;1.03333333;2022;10;20;15;51;20.999;2022;10;20;15;51;20.999;39.48138300;-0.33520600;57.285;0.935144;-1.127641;-67.127202;6361245.778;6386785.393;50.016;-3.0;4.1;50.01607260;-3.03473143;4.13783551;-0.00000045
0.00000000;9.80106038;1.03333333;2022;10;20;15;51;22.000;2022;10;20;15;51;22.000;39.48140500;-0.33528700;57.385;0.554194;-1.056712;-66.875769;6361245.803;6386785.401;50.016;-3.0;4.1;50.01624836;-3.03581490;4.13821656;-0.00000046
0.00000000;9.80106009;1.03333333;2022;10;20;15;51;23.000;2022;10;20;15;51;23.000;39.48142800;-0.33536700;57.415;1.282068;-1.072004;-66.277191;6361245.828;6386785.409;50.016;-3.0;4.1;50.01642404;-3.03688500;4.13861494;-0.00000046
0.00000000;9.80106002;1.03333333;2022;10;20;15;51;24.000;2022;10;20;15;51;24.000;39.48145100;-0.33544700;57.628;0.838936;-0.599228;-66.171897;6361245.853;6386785.418;50.017;-3.0;4.1;50.01659975;-3.03795509;4.13901331;-0.00000046
0.00000000;9.80105938;1.03333333;2022;10;20;15;51;25.000;2022;10;20;15;51;25.000;39.48147500;-0.33552800;57.735;0.215990;-1.585513;-66.240042;6361245.879;6386785.426;50.017;-3.0;4.1;50.01677886;-3.03903857;4.13942901;-0.00000046
0.00000000;9.80105907;1.03333333;2022;10;20;15;51;26.000;2022;10;20;15;51;26.000;39.48149800;-0.33560900;57.855;0.716869;-1.147827;-66.078303;6361245.905;6386785.435;50.017;-3.0;4.1;50.01695635;-3.04012204;4.13982738;-0.00000046
0.00000000;9.80105872;1.03333333;2022;10;20;15;51;27.000;2022;10;20;15;51;27.000;39.48152100;-0.33568900;57.946;0.988222;-1.012314;-65.937280;6361245.930;6386785.443;50.017;-3.0;4.1;50.01713214;-3.04119214;4.14022576;-0.00000046
0.00000000;9.80105846;1.03333333;2022;10;20;15;51;28.000;2022;10;20;15;51;28.000;39.48154500;-0.33576900;57.759;1.271693;-1.055735;-65.420966;6361245.956;6386785.452;50.017;-3.0;4.1;50.01730960;-3.04226223;4.14064146;-0.00000046
0.00000000;9.80105906;1.03333333;2022;10;20;15;51;29.000;2022;10;20;15;51;29.000;39.48157000;-0.33584900;57.872;0.580058;-1.539311;-65.017950;6361245.984;6386785.461;50.017;-3.0;4.1;50.01748872;-3.04333233;4.14107448;-0.00000046
0.00000000;9.80105873;1.03333333;2022;10;20;15;51;30.000;2022;10;20;15;51;30.000;39.48159500;-0.33593000;57.816;0.999281;-1.694978;-64.808708;6361246.011;6386785.470;50.018;-3.0;4.1;50.01766960;-3.04441580;4.14150749;-0.00000046
0.00000000;9.80105893;1.03333333;2022;10;20;15;51;31.000;2022;10;20;15;51;31.000;39.48161900;-0.33601000;57.867;0.677979;-1.210243;-64.906926;6361246.037;6386785.479;50.018;-3.0;4.1;50.01784714;-3.04548590;4.14192319;-0.00000046
0.00000000;9.80105879;1.03333333;2022;10;20;15;51;32.000;2022;10;20;15;51;32.000;39.48164300;-0.33609100;58.051;0.993893;-1.007885;-64.954778;6361246.064;6386785.488;50.018;-3.0;4.1;50.01802644;-3.04656937;4.14233889;-0.00000046
0.00000000;9.80105825;1.03333333;2022;10;20;15;51;33.000;2022;10;20;15;51;33.000;39.48166800;-0.33617100;58.150;1.197389;-0.603273;-64.726062;6361246.091;6386785.497;50.018;-3.0;4.1;50.01820568;-3.04763947;4.14277191;-0.00000046
0.00000000;9.80105796;1.03333333;2022;10;20;15;51;34.000;2022;10;20;15;51;34.000;39.48169200;-0.33624900;58.378;1.459977;-1.160310;-64.750596;6361246.118;6386785.506;50.018;-3.0;4.1;50.01837984;-3.04868281;4.14318761;-0.00000046
0.00000000;9.80105728;1.03333333;2022;10;20;15;51;35.000;2022;10;20;15;51;35.000;39.48171600;-0.33632800;58.327;1.207291;-0.980317;-64.869401;6361246.144;6386785.515;50.019;-3.0;4.1;50.01855577;-3.04973953;4.14360331;-0.00000046
0.00000000;9.80105746;1.03333333;2022;10;20;15;51;36.000;2022;10;20;15;51;36.000;39.48173900;-0.33640400;58.510;1.248474;-1.834956;-65.720565;6361246.169;6386785.523;50.019;-3.1;4.1;50.01872489;-3.05075612;4.14400169;-0.00000046
0.00000000;9.80105691;1.03333333;2022;10;20;15;51;36.999;2022;10;20;15;51;36.999;39.48176100;-0.33648300;58.420;1.692031;-1.101104;-66.297901;6361246.193;6386785.531;50.019;-3.1;4.1;50.01889758;-3.05181284;4.14438275;-0.00000046
0.00000000;9.80105721;1.03333333;2022;10;20;15;51;38.000;2022;10;20;15;51;38.000;39.48178500;-0.33656200;58.719;2.297935;-1.098161;-66.517163;6361246.220;6386785.540;50.019;-3.1;4.1;50.01907359;-3.05286957;4.14479845;-0.00000047
0.00000000;9.80105631;1.03333333;2022;10;20;15;51;39.000;2022;10;20;15;51;39.000;39.48180700;-0.33664300;58.880;1.682681;-1.309184;-66.586872;6361246.244;6386785.548;50.019;-3.1;4.1;50.01924979;-3.05395304;4.14517950;-0.00000047
0.00000000;9.80105583;1.03333333;2022;10;20;15;51;40.000;2022;10;20;15;51;40.000;39.48182900;-0.33672400;59.030;1.343918;-1.117642;-66.376598;6361246.268;6386785.556;50.019;-3.1;4.1;50.01942602;-3.05503651;4.14556056;-0.00000047
0.00000000;9.80105539;1.03333333;2022;10;20;15;51;41.000;2022;10;20;15;51;41.000;39.48184900;-0.33680100;59.500;0.963931;-0.738535;-66.107823;6361246.290;6386785.564;50.020;-3.1;4.1;50.01959206;-3.05606648;4.14590698;-0.00000047
0.00000000;9.80105396;1.03333333;2022;10;20;15;51;42.000;2022;10;20;15;51;42.000;39.48186900;-0.33687600;60.410;0.970250;-1.146111;-65.889066;6361246.312;6386785.571;50.020;-3.1;4.1;50.01975467;-3.05706970;4.14625340;-0.00000048
0.00000000;9.80105117;1.03333333;2022;10;20;15;51;43.000;2022;10;20;15;51;43.000;39.48189000;-0.33695200;60.797;1.253198;-1.214319;-65.712089;6361246.335;6386785.579;50.020;-3.1;4.1;50.01992067;-3.05808629;4.14661714;-0.00000048
0.00000000;9.80104999;1.03333333;2022;10;20;15;51;44.000;2022;10;20;15;51;44.000;39.48191300;-0.33703200;61.211;1.627236;-1.125711;-65.592158;6361246.360;6386785.587;50.020;-3.1;4.1;50.02009692;-3.05915639;4.14701552;-0.00000049
0.00000000;9.80104873;1.03333333;2022;10;20;15;51;44.999;2022;10;20;15;51;44.999;39.48193500;-0.33710800;61.727;1.926110;-1.228622;-65.503584;6361246.384;6386785.595;50.020;-3.1;4.1;50.02026462;-3.06017298;4.14739658;-0.00000049
0.00000000;9.80104716;1.03333333;2022;10;20;15;51;46.000;2022;10;20;15;51;46.000;39.48195800;-0.33718400;61.947;1.587175;-1.199582;-65.786114;6361246.409;6386785.604;50.020;-3.1;4.1;50.02043399;-3.06365807;4.14779496;-0.00000049
0.00000000;9.80104650;1.03333333;2022;10;20;15;51;47.000;2022;10;20;15;51;47.000;39.48198000;-0.33726300;62.031;1.534974;-0.703686;-66.430495;6361246.434;6386785.612;50.021;-3.1;4.1;50.02060693;-3.06870753;4.14817602;-0.00000049
0.00000000;9.80104626;1.03333333;2022;10;20;15;51;47.999;2022;10;20;15;51;47.999;39.48200300;-0.33734200;62.210;1.326587;-1.129956;-66.490689;6361246.459;6386785.620;50.021;-3.1;4.1;50.02078154;-3.07392158;4.14857440;-0.00000049
0.00000000;9.80104573;1.03333333;2022;10;20;15;51;49.000;2022;10;20;15;51;49.000;39.48202500;-0.33742100;62.300;1.334357;-0.876433;-66.702275;6361246.483;6386785.628;50.021;-3.1;4.1;50.02095453;-3.07893717;4.14895546;-0.00000049
0.00000000;9.80104547;1.03333333;2022;10;20;15;51;50.000;2022;10;20;15;51;50.000;39.48204700;-0.33749900;62.504;1.325714;-1.487740;-66.764730;6361246.507;6386785.636;50.021;-3.1;4.1;50.02112582;-3.08392315;4.14933652;-0.00000050
0.00000000;9.80104486;1.03333333;2022;10;20;15;51;51.000;2022;10;20;15;51;51.000;39.48206800;-0.33757600;62.499;0.960200;-1.494296;-66.629882;6361246.530;6386785.644;50.021;-3.1;4.1;50.02129375;-3.08869960;4.14970026;-0.00000050
0.00000000;9.80104490;1.03333333;2022;10;20;15;51;52.000;2022;10;20;15;51;52.000;39.48209100;-0.33765200;62.429;1.169999;-1.173733;-66.558076;6361246.555;6386785.653;50.021;-3.1;4.2;50.02146327;-3.09380750;4.15009864;-0.00000050
0.00000000;9.80104513;1.03333333;2022;10;20;15;51;53.000;2022;10;20;15;51;53.000;39.48211300;-0.33772700;62.683;1.062006;-1.409276;-66.498974;6361246.579;6386785.661;50.022;-3.1;4.2;50.02162944;-3.09870652;4.15047971;-0.00000050
0.00000000;9.80104437;1.03333333;2022;10;20;15;51;54.000;2022;10;20;15;51;54.000;39.48213600;-0.33780000;63.024;1.183196;-1.009403;-66.289691;6361246.605;6386785.669;50.022;-3.1;4.2;50.02179381;-3.10374386;4.15087809;-0.00000050
0.00000000;9.80104334;1.03333333;2022;10;20;15;51;55.000;2022;10;20;15;51;55.000;39.48215800;-0.33787400;63.079;1.318161;-0.855254;-66.125035;6361246.629;6386785.677;50.022;-3.1;4.2;50.02195830;-3.10859860;4.15125915;-0.00000050
0.00000000;9.80104319;1.03333333;2022;10;20;15;51;56.000;2022;10;20;15;51;56.000;39.48217900;-0.33794700;63.070;1.089925;-0.936483;-66.107345;6361246.652;6386785.685;50.022;-3.1;4.2;50.02211941;-3.11324698;4.15162289;-0.00000050
0.00000000;9.80104323;1.03333333;2022;10;20;15;51;56.999;2022;10;20;15;51;56.999;39.48219900;-0.33801900;62.680;1.262784;-1.468259;-66.093808;6361246.674;6386785.692;50.022;-3.1;4.2;50.02227717;-3.11769038;4.15196931;-0.00000050
0.00000000;9.80104445;1.03333333;2022;10;20;15;51;58.000;2022;10;20;15;51;58.000;39.48222000;-0.33809000;62.267;1.037099;-0.786693;-65.928777;6361246.697;6386785.700;50.022;-3.1;4.2;50.02243487;-3.12228559;4.15233306;-0.00000049
0.00000000;9.80104575;1.03333333;2022;10;20;15;51;59.000;2022;10;20;15;51;59.000;39.48224100;-0.33816200;62.033;1.182749;-1.105967;-65.888383;6361246.720;6386785.708;50.023;-3.1;4.2;50.02259432;-3.12687839;4.15269680;-0.00000049
0.00000000;9.80104649;1.03333333;2022;10;20;15;52;0.000;2022;10;20;15;52;0.000;39.48226300;-0.33823600;61.797;0.929622;-1.339819;-66.277171;6361246.744;6386785.716;50.023;-3.1;4.2;50.02275892;-3.13165736;4.15307786;-0.00000049
0.00000000;9.80104724;1.03333333;2022;10;20;15;52;1.000;2022;10;20;15;52;1.000;39.48228600;-0.33831300;61.624;1.534758;-0.903565;-67.250329;6361246.769;6386785.724;50.023;-3.1;4.2;50.02293039;-3.13663253;4.15347625;-0.00000049
0.00000000;9.80104779;1.03333333;2022;10;20;15;52;2.000;2022;10;20;15;52;2.000;39.48230700;-0.33839100;61.722;1.689320;-1.405666;-68.564335;6361246.792;6386785.732;50.023;-3.1;4.2;50.02310031;-3.14124968;4.15383999;-0.00000049
0.00000000;9.80104751;1.03333333;2022;10;20;15;52;3.000;2022;10;20;15;52;3.000;39.48232700;-0.33847000;61.688;0.964435;-1.296622;-69.336843;6361246.814;6386785.739;50.023;-3.1;4.2;50.02327032;-3.14568667;4.15418641;-0.00000049
0.00000000;9.80104763;1.03333333;2022;10;20;15;52;4.000;2022;10;20;15;52;4.000;39.48234600;-0.33855000;61.537;0.992104;-1.578211;-69.833917;6361246.835;6386785.746;50.023;-3.1;4.2;50.02344044;-3.14994436;4.15451551;-0.00000049
0.00000000;9.80104811;1.03333333;2022;10;20;15;52;5.000;2022;10;20;15;52;5.000;39.48236600;-0.33863100;61.351;0.848437;-1.369071;-69.266533;6361246.857;6386785.754;50.024;-3.2;4.2;50.02361396;-3.15437390;4.15486194;-0.00000049
0.00000000;9.80104870;1.03333333;2022;10;20;15;52;6.000;2022;10;20;15;52;6.000;39.48238600;-0.33870900;60.922;1.011810;-1.615946;-69.044347;6361246.879;6386785.761;50.024;-3.2;4.2;50.02378231;-3.15875409;4.15520836;-0.00000048
0.00000000;9.80105005;1.03333333;2022;10;20;15;52;7.000;2022;10;20;15;52;7.000;39.48240500;-0.33878500;60.496;0.397386;-1.363509;-68.148520;6361246.900;6386785.768;50.024;-3.2;4.2;50.02394556;-3.16292255;4.15553746;-0.00000048
0.00000000;9.80105138;1.03333333;2022;10;20;15;52;8.000;2022;10;20;15;52;8.000;39.48242500;-0.33885900;60.219;0.201489;-1.320276;-67.220939;6361246.922;6386785.775;50.024;-3.2;4.2;50.02410702;-3.16722900;4.15588388;-0.00000048
0.00000000;9.80105225;1.03333333;2022;10;20;15;52;9.000;2022;10;20;15;52;9.000;39.48244500;-0.33893200;59.857;0.632456;-1.446461;-66.541690;6361246.944;6386785.783;50.024;-3.2;4.2;50.02426677;-3.17151024;4.15623031;-0.00000047
0.00000000;9.80105338;1.03333333;2022;10;20;15;52;9.999;2022;10;20;15;52;9.999;39.48246700;-0.33900700;59.630;0.943691;-1.589739;-66.354939;6361246.968;6386785.791;50.024;-3.2;4.2;50.02443333;-3.17614580;4.15661137;-0.00000047
0.00000000;9.80105410;1.03333333;2022;10;20;15;52;11.000;2022;10;20;15;52;11.000;39.48248800;-0.33908000;59.235;0.680312;-1.574277;-66.233178;6361246.991;6386785.798;50.025;-3.2;4.2;50.02459478;-3.18057099;4.15697512;-0.00000047
0.00000000;9.80105534;1.03333333;2022;10;20;15;52;12.000;2022;10;20;15;52;12.000;39.48251000;-0.33915600;58.848;0.706486;-1.297812;-66.367889;6361247.015;6386785.806;50.025;-3.2;4.2;50.02476312;-3.18518599;4.15735618;-0.00000047
0.00000000;9.80105656;1.03333333;2022;10;20;15;52;13.000;2022;10;20;15;52;13.000;39.48253200;-0.33923300;58.590;0.787637;-1.192918;-66.475117;6361247.039;6386785.815;50.025;-3.2;4.2;50.02493322;-3.18979544;4.15773725;-0.00000046
0.00000000;9.80105737;1.03333333;2022;10;20;15;52;14.000;2022;10;20;15;52;14.000;39.48255400;-0.33931100;58.372;0.504398;-1.675331;-66.606857;6361247.063;6386785.823;50.025;-3.2;4.2;50.02510508;-3.19439901;4.15811832;-0.00000046
0.00000000;9.80105806;1.03333333;2022;10;20;15;52;15.000;2022;10;20;15;52;15.000;39.48257600;-0.33938900;58.223;0.493457;-1.622408;-66.760851;6361247.087;6386785.831;50.025;-3.2;4.2;50.02527696;-3.19898606;4.15849938;-0.00000046
0.00000000;9.80105854;1.03333333;2022;10;20;15;52;16.000;2022;10;20;15;52;16.000;39.48259800;-0.33946600;58.260;0.812881;-1.496110;-66.712022;6361247.112;6386785.839;50.025;-3.2;4.2;50.02544713;-3.20354635;4.15888045;-0.00000046
0.00000000;9.80105845;1.03333333;2022;10;20;15;52;17.000;2022;10;20;15;52;17.000;39.48262000;-0.33954300;58.237;1.186249;-1.318433;-66.581162;6361247.136;6386785.847;50.026;-3.2;4.2;50.02561733;-3.20809033;4.15926152;-0.00000046
0.00000000;9.80105854;1.03333333;2022;10;20;15;52;18.000;2022;10;20;15;52;18.000;39.48264100;-0.33961900;58.184;0.795156;-1.342985;-66.143531;6361247.159;6386785.855;50.026;-3.2;4.2;50.02578415;-3.21243760;4.15962527;-0.00000046
0.00000000;9.80105872;1.03333333;2022;10;20;15;52;19.000;2022;10;20;15;52;19.000;39.48266400;-0.33969300;58.105;1.077247;-1.315141;-64.370817;6361247.184;6386785.863;50.026;-3.2;4.2;50.02595085;-3.21708969;4.16002365;-0.00000046
0.00000000;9.80105898;1.03333333;2022;10;20;15;52;20.000;2022;10;20;15;52;20.000;39.48268700;-0.33976300;58.014;0.208759;-1.872783;-61.500225;6361247.209;6386785.871;50.026;-3.2;4.2;50.02611064;-3.22168619;4.16042204;-0.00000046
0.00000000;9.80105929;1.03333333;2022;10;20;15;52;21.000;2022;10;20;15;52;21.000;39.48271500;-0.33982900;57.990;-0.055282;-1.705459;-53.941665;6361247.240;6386785.882;50.026;-3.2;4.2;50.02627184;-3.22707525;4.16090704;-0.00000046
0.00000000;9.80105939;1.03333333;2022;10;20;15;52;22.000;2022;10;20;15;52;22.000;39.48275000;-0.33988800;57.940;0.305537;-0.798745;-41.985286;6361247.278;6386785.895;50.026;-3.2;4.2;50.02643259;-3.23356336;4.16151329;-0.00000046
0.00000000;9.80105957;1.03333333;2022;10;20;15;52;23.000;2022;10;20;15;52;23.000;39.48279500;-0.33993400;57.929;0.311725;-0.904545;-29.878475;6361247.328;6386785.911;50.027;-3.2;4.2;50.02658748;-3.24159891;4.16229275;-0.00000046
0.00000000;9.80105964;1.03333333;2022;10;20;15;52;24.000;2022;10;20;15;52;24.000;39.48284600;-0.33997000;57.781;0.913744;-1.375016;-23.068805;6361247.384;6386785.930;50.027;-3.3;4.2;50.02673503;-3.25053600;4.16317613;-0.00000046
0.00000000;9.80106015;1.03333333;2022;10;20;15;52;25.000;2022;10;20;15;52;25.000;39.48290000;-0.34000600;57.637;1.397134;-1.073735;-25.059411;6361247.443;6386785.950;50.027;-3.3;4.2;50.02688762;-3.25996094;4.16411149;-0.00000046
0.00000000;9.80106064;1.03333333;2022;10;20;15;52;26.000;2022;10;20;15;52;26.000;39.48295100;-0.34004700;57.787;1.747796;-1.320372;-33.296018;6361247.499;6386785.968;50.027;-3.3;4.2;50.02704392;-3.26890479;4.16499488;-0.00000046
0.00000000;9.80106022;1.03333333;2022;10;20;15;52;27.000;2022;10;20;15;52;27.000;39.48299500;-0.34009900;57.649;1.427761;-1.572833;-45.213103;6361247.547;6386785.985;50.027;-3.3;4.2;50.02720768;-3.27674316;4.16575702;-0.00000046
0.00000000;9.80106069;1.03333333;2022;10;20;15;52;28.000;2022;10;20;15;52;28.000;39.48302900;-0.34016100;57.547;1.407119;-1.612433;-60.068071;6361247.585;6386785.997;50.027;-3.3;4.2;50.02737216;-3.28296290;4.16634595;-0.00000046
0.00000000;9.80106103;1.03333333;2022;10;20;15;52;29.000;2022;10;20;15;52;29.000;39.48304700;-0.34023100;57.483;1.342274;-1.266329;-75.188621;6361247.604;6386786.004;50.028;-3.3;4.2;50.02752386;-3.28654738;4.16665774;-0.00000046
0.00000000;9.80106124;1.03333333;2022;10;20;15;52;30.000;2022;10;20;15;52;30.000;39.48305100;-0.34030100;57.556;1.227430;-1.247332;-89.895384;6361247.609;6386786.005;50.028;-3.3;4.2;50.02765220;-3.28778044;4.16672703;-0.00000046
0.00000000;9.80106102;1.03333333;2022;10;20;15;52;31.000;2022;10;20;15;52;31.000;39.48304100;-0.34036800;57.512;1.564995;-1.322872;-102.964617;6361247.598;6386786.001;50.028;-3.3;4.2;50.02775193;-3.28665195;4.16655381;-0.00000046
0.00000000;9.80106115;1.03333333;2022;10;20;15;52;32.000;2022;10;20;15;52;32.000;39.48302200;-0.34043000;57.534;1.899635;-1.385538;-115.432301;6361247.577;6386785.994;50.028;-3.3;4.2;50.02782793;-3.28399095;4.16622470;-0.00000046
0.00000000;9.80106106;1.03333333;2022;10;20;15;52;33.000;2022;10;20;15;52;33.000;39.48299100;-0.34048500;57.759;1.857835;-1.197774;-128.085021;6361247.543;6386785.983;50.028;-3.3;4.2;50.02787169;-3.27928886;4.16568774;-0.00000046
0.00000000;9.80106034;1.03333333;2022;10;20;15;52;34.000;2022;10;20;15;52;34.000;39.48295200;-0.34052800;57.741;1.486349;-1.613262;-141.702970;6361247.500;6386785.969;50.028;-3.3;4.2;50.02788121;-3.27317338;4.16501220;-0.00000046
0.00000000;9.80106036;1.03333333;2022;10;20;15;52;35.000;2022;10;20;15;52;35.000;39.48290600;-0.34056000;57.762;2.107317;-1.198609;-155.464545;6361247.450;6386785.952;50.028;-3.3;4.2;50.02785988;-3.26581730;4.16421542;-0.00000046
0.00000000;9.80106026;1.03333333;2022;10;20;15;52;36.000;2022;10;20;15;52;36.000;39.48285500;-0.34057700;57.859;2.562352;-2.045085;-168.981639;6361247.394;6386785.933;50.028;-3.3;4.2;50.02780413;-3.25751207;4.16333203;-0.00000046
0.00000000;9.80105991;1.03333333;2022;10;20;15;52;37.000;2022;10;20;15;52;37.000;39.48280200;-0.34057800;57.798;2.015541;-1.619455;177.231975;6361247.335;6386785.914;50.028;-3.2;4.2;50.02771724;-3.24873587;4.16241400;-0.00000046
0.00000000;9.80106005;1.03333333;2022;10;20;15;52;38.000;2022;10;20;15;52;38.000;39.48275100;-0.34056400;57.584;1.345533;-1.398999;164.989011;6361247.279;6386785.895;50.028;-3.2;4.2;50.02760766;-3.24014931;4.16153061;-0.00000046
0.00000000;9.80106067;1.03333333;2022;10;20;15;52;39.000;2022;10;20;15;52;39.000;39.48270500;-0.34053800;57.523;1.732369;-1.406774;153.368455;6361247.229;6386785.878;50.027;-3.2;4.2;50.02748563;-3.23226877;4.16073383;-0.00000046
0.00000000;9.80106082;1.03333333;2022;10;20;15;52;40.000;2022;10;20;15;52;40.000;39.48266500;-0.34049900;57.728;1.511179;-1.655283;141.044376;6361247.185;6386785.863;50.027;-3.2;4.2;50.02735108;-3.22524438;4.16004098;-0.00000046
0.00000000;9.80106015;1.03333333;2022;10;20;15;52;41.000;2022;10;20;15;52;41.000;39.48263300;-0.34045200;57.885;1.469006;-1.642857;128.622475;6361247.150;6386785.852;50.027;-3.2;4.2;50.02721604;-3.21945509;4.15948669;-0.00000046
0.00000000;9.80105964;1.03333333;2022;10;20;15;52;42.000;2022;10;20;15;52;42.000;39.48260900;-0.34039600;58.020;1.508935;-1.932540;115.426946;6361247.124;6386785.843;50.027;-3.2;4.2;50.02707879;-3.21489246;4.15907098;-0.00000046
0.00000000;9.80105920;1.03333333;2022;10;20;15;52;43.000;2022;10;20;15;52;43.000;39.48259600;-0.34033400;58.003;1.742311;-1.545056;101.821100;6361247.109;6386785.838;50.027;-3.2;4.2;50.02694951;-3.21209141;4.15884581;-0.00000046
0.00000000;9.80105924;1.03333333;2022;10;20;15;52;44.000;2022;10;20;15;52;44.000;39.48259500;-0.34027000;57.943;1.965494;-1.528132;88.675806;6361247.108;6386785.838;50.027;-3.2;4.2;50.02683682;-3.21126888;4.15882849;-0.00000046
0.00000000;9.80105942;1.03333333;2022;10;20;15;52;45.000;2022;10;20;15;52;45.000;39.48260400;-0.34020800;57.921;2.083719;-1.059433;76.576256;6361247.118;6386785.841;50.027;-3.2;4.2;50.02674430;-3.21214164;4.15898438;-0.00000046
0.00000000;9.80105950;1.03333333;2022;10;20;15;52;46.000;2022;10;20;15;52;46.000;39.48262200;-0.34015100;58.013;1.510099;-1.458225;67.463479;6361247.138;6386785.848;50.027;-3.2;4.2;50.02667546;-3.21458088;4.15929616;-0.00000046
0.00000000;9.80105923;1.03333333;2022;10;20;15;52;47.000;2022;10;20;15;52;47.000;39.48264500;-0.34009400;57.977;1.127704;-1.533754;65.330076;6361247.163;6386785.856;50.027;-3.2;4.2;50.02661495;-3.21787045;4.15969455;-0.00000046
0.00000000;9.80105936;1.03333333;2022;10;20;15;52;48.000;2022;10;20;15;52;48.000;39.48266700;-0.34003800;57.869;0.283565;-1.789195;68.301735;6361247.187;6386785.864;50.027;-3.2;4.2;50.02655449;-3.22101418;4.16007562;-0.00000046
0.00000000;9.80105972;1.03333333;2022;10;20;15;52;49.000;2022;10;20;15;52;49.000;39.48268500;-0.33997800;57.813;-0.744398;-1.291668;79.116021;6361247.207;6386785.871;50.026;-3.2;4.2;50.02648040;-3.22345602;4.16038740;-0.00000046
0.00000000;9.80105990;1.03333333;2022;10;20;15;52;49.999;2022;10;20;15;52;49.999;39.48269000;-0.33991300;57.876;-0.666415;-1.439008;94.448833;6361247.213;6386785.873;50.026;-3.2;4.2;50.02637594;-3.22366316;4.16047401;-0.00000046
0.00000000;9.80105971;1.03333333;2022;10;20;15;52;51.000;2022;10;20;15;52;51.000;39.48268300;-0.33984800;57.929;-0.264855;-1.059461;106.407278;6361247.205;6386785.870;50.026;-3.2;4.2;50.02625148;-3.22184215;4.16035276;-0.00000046
0.00000000;9.80105954;1.03333333;2022;10;20;15;52;52.000;2022;10;20;15;52;52.000;39.48266800;-0.33978100;57.992;0.125054;-0.611163;111.919623;6361247.188;6386785.864;50.026;-3.2;4.2;50.02611021;-3.21864027;4.16009294;-0.00000046
0.00000000;9.80105934;1.03333333;2022;10;20;15;52;53.000;2022;10;20;15;52;53.000;39.48264900;-0.33971100;58.194;0.725519;-1.398703;113.689462;6361247.168;6386785.857;50.026;-3.2;4.2;50.02595710;-3.21471910;4.15976384;-0.00000046
0.00000000;9.80105870;1.03333333;2022;10;20;15;52;54.000;2022;10;20;15;52;54.000;39.48262700;-0.33963600;58.231;0.729754;-1.058469;114.187389;6361247.143;6386785.849;50.026;-3.2;4.2;50.02579033;-3.21022385;4.15938277;-0.00000046
0.00000000;9.80105856;1.03333333;2022;10;20;15;52;55.000;2022;10;20;15;52;55.000;39.48260400;-0.33955700;58.334;0.910518;-1.499653;114.298319;6361247.118;6386785.841;50.026;-3.2;4.2;50.02561498;-3.20550126;4.15898438;-0.00000046
0.00000000;9.80105822;1.03333333;2022;10;20;15;52;56.000;2022;10;20;15;52;56.000;39.48258100;-0.33947700;58.474;0.932425;-1.309885;114.137379;6361247.093;6386785.833;50.025;-3.2;4.2;50.02543792;-3.20075085;4.15858599;-0.00000046
0.00000000;9.80105777;1.03333333;2022;10;20;15;52;57.000;2022;10;20;15;52;57.000;39.48255800;-0.33939700;58.612;0.935907;-0.870879;114.020576;6361247.068;6386785.824;50.025;-3.2;4.2;50.02526089;-3.19598272;4.15818760;-0.00000046
0.00000000;9.80105733;1.03333333;2022;10;20;15;52;58.000;2022;10;20;15;52;58.000;39.48253600;-0.33932000;58.684;1.103927;-1.124595;113.628994;6361247.044;6386785.816;50.025;-3.2;4.2;50.02509075;-3.19140029;4.15780654;-0.00000047
0.00000000;9.80105708;1.03333333;2022;10;20;15;52;59.000;2022;10;20;15;52;59.000;39.48251500;-0.33924400;58.852;1.184209;-1.233272;113.706735;6361247.021;6386785.808;50.025;-3.2;4.2;50.02492403;-3.18698436;4.15744279;-0.00000047
0.00000000;9.80105655;1.03333333;2022;10;20;15;53;0.000;2022;10;20;15;53;0.000;39.48249400;-0.33917100;58.971;1.038208;-1.262962;114.065771;6361246.998;6386785.801;50.025;-3.2;4.2;50.02476254;-3.18258525;4.15707904;-0.00000047
0.00000000;9.80105616;1.03333333;2022;10;20;15;53;1.000;2022;10;20;15;53;1.000;39.48247300;-0.33910100;59.065;1.134734;-1.041781;114.450256;6361246.974;6386785.793;50.025;-3.2;4.2;50.02460627;-3.17820386;4.15671530;-0.00000047
0.00000000;9.80105585;1.03333333;2022;10;20;15;53;2.000;2022;10;20;15;53;2.000;39.48245400;-0.33903400;59.005;1.381465;-0.723070;114.668358;6361246.954;6386785.786;50.024;-3.2;4.2;50.02445855;-3.17418750;4.15638620;-0.00000047
0.00000000;9.80105602;1.03333333;2022;10;20;15;53;3.000;2022;10;20;15;53;3.000;39.48243400;-0.33896900;59.105;0.995199;-1.196674;114.424616;6361246.932;6386785.779;50.024;-3.2;4.2;50.02431265;-3.17000741;4.15603977;-0.00000047
0.00000000;9.80105569;1.03333333;2022;10;20;15;53;4.000;2022;10;20;15;53;4.000;39.48241600;-0.33890600;59.153;0.668101;-1.370316;114.182595;6361246.912;6386785.772;50.024;-3.2;4.2;50.02417355;-3.16618464;4.15572799;-0.00000047
0.00000000;9.80105553;1.03333333;2022;10;20;15;53;5.000;2022;10;20;15;53;5.000;39.48239700;-0.33884200;59.102;0.360436;-1.004993;114.023731;6361246.891;6386785.765;50.024;-3.2;4.2;50.02403108;-3.16216564;4.15539889;-0.00000047
0.00000000;9.80105567;1.03333333;2022;10;20;15;53;6.000;2022;10;20;15;53;6.000;39.48237900;-0.33878000;59.046;0.644169;-1.308418;114.589059;6361246.871;6386785.758;50.024;-3.2;4.2;50.02389375;-3.15833192;4.15508711;-0.00000047
0.00000000;9.80105583;1.03333333;2022;10;20;15;53;7.000;2022;10;20;15;53;7.000;39.48236100;-0.33872100;59.043;0.670348;-1.035847;114.652047;6361246.852;6386785.752;50.024;-3.2;4.2;50.02376164;-3.15452157;4.15477533;-0.00000047
0.00000000;9.80105582;1.03333333;2022;10;20;15;53;8.000;2022;10;20;15;53;8.000;39.48234400;-0.33866200;59.044;0.333721;-1.409802;114.011136;6361246.833;6386785.745;50.024;-3.2;4.2;50.02363120;-3.15087597;4.15448087;-0.00000047
0.00000000;9.80105580;1.03333333;2022;10;20;15;53;9.000;2022;10;20;15;53;9.000;39.48232700;-0.33860400;59.077;0.663358;-1.041288;113.515763;6361246.814;6386785.739;50.024;-3.1;4.2;50.02350251;-3.14723225;4.15418641;-0.00000047
0.00000000;9.80105569;1.03333333;2022;10;20;15;53;10.000;2022;10;20;15;53;10.000;39.48231100;-0.33854400;59.132;0.096017;-0.718606;113.171727;6361246.797;6386785.733;50.023;-3.1;4.2;50.02337203;-3.14373135;4.15390927;-0.00000047
0.00000000;9.80105550;1.03333333;2022;10;20;15;53;11.000;2022;10;20;15;53;11.000;39.48229500;-0.33848300;59.166;-0.276004;-0.755845;113.383360;6361246.779;6386785.727;50.023;-3.1;4.2;50.02323982;-3.14020952;4.15363214;-0.00000047
0.00000000;9.80105538;1.03333333;2022;10;20;15;53;12.000;2022;10;20;15;53;12.000;39.48227700;-0.33841900;59.119;-0.046471;-1.112586;113.634062;6361246.759;6386785.721;50.023;-3.1;4.2;50.02309912;-3.13629069;4.15332036;-0.00000047
0.00000000;9.80105551;1.03333333;2022;10;20;15;53;13.000;2022;10;20;15;53;13.000;39.48225700;-0.33835100;59.049;0.793301;-1.859485;113.862293;6361246.737;6386785.714;50.023;-3.1;4.2;50.02294820;-3.13196034;4.15297394;-0.00000047
0.00000000;9.80105571;1.03333333;2022;10;20;15;53;14.000;2022;10;20;15;53;14.000;39.48223600;-0.33827900;59.077;0.898724;-1.191506;113.864554;6361246.714;6386785.706;50.023;-3.1;4.2;50.02278871;-3.12739220;4.15261019;-0.00000047
0.00000000;9.80105561;1.03333333;2022;10;20;15;53;15.000;2022;10;20;15;53;15.000;39.48221500;-0.33820300;59.032;1.159295;-1.302915;113.807194;6361246.691;6386785.698;50.023;-3.1;4.2;50.02262231;-3.12276120;4.15224645;-0.00000047
0.00000000;9.80105573;1.03333333;2022;10;20;15;53;16.000;2022;10;20;15;53;16.000;39.48219400;-0.33812600;58.905;1.081276;-1.264351;113.815253;6361246.668;6386785.690;50.022;-3.1;4.2;50.02245420;-3.11810266;4.15188271;-0.00000047
0.00000000;9.80105610;1.03333333;2022;10;20;15;53;17.000;2022;10;20;15;53;17.000;39.48217200;-0.33804900;58.891;1.118664;-1.742452;113.827001;6361246.644;6386785.682;50.022;-3.1;4.2;50.02228447;-3.11325061;4.15150165;-0.00000047
0.00000000;9.80105612;1.03333333;2022;10;20;15;53;18.000;2022;10;20;15;53;18.000;39.48215100;-0.33797600;59.225;1.104397;-1.249273;113.766581;6361246.621;6386785.675;50.022;-3.1;4.2;50.02212334;-3.10861007;4.15113791;-0.00000047
0.00000000;9.80105507;1.03333333;2022;10;20;15;53;19.000;2022;10;20;15;53;19.000;39.48213100;-0.33790600;59.234;0.858312;-1.908624;113.760475;6361246.599;6386785.667;50.022;-3.1;4.2;50.02196908;-3.10417085;4.15079148;-0.00000047
0.00000000;9.80105503;1.03333333;2022;10;20;15;53;19.999;2022;10;20;15;53;19.999;39.48211000;-0.33783700;59.225;0.891956;-1.487660;113.591339;6361246.576;6386785.660;50.022;-3.1;4.2;50.02181491;-3.09955176;4.15042774;-0.00000047
0.00000000;9.80105504;1.03333333;2022;10;20;15;53;21.000;2022;10;20;15;53;21.000;39.48209000;-0.33776800;59.369;0.906305;-1.341989;114.445393;6361246.554;6386785.652;50.022;-3.1;4.2;50.02166242;-3.09509800;4.15008132;-0.00000047
0.00000000;9.80105457;1.03333333;2022;10;20;15;53;22.000;2022;10;20;15;53;22.000;39.48206900;-0.33770000;59.467;1.089937;-1.458397;114.382945;6361246.531;6386785.645;50.022;-3.1;4.1;50.02151003;-3.09046411;4.14971758;-0.00000047
0.00000000;9.80105425;1.03333333;2022;10;20;15;53;23.000;2022;10;20;15;53;23.000;39.48204900;-0.33763200;59.596;1.150120;-1.517294;113.852430;6361246.509;6386785.637;50.021;-3.1;4.1;50.02135931;-3.08599641;4.14937116;-0.00000047
0.00000000;9.80105384;1.03333333;2022;10;20;15;53;24.000;2022;10;20;15;53;24.000;39.48203000;-0.33756500;59.815;0.956664;-1.054351;113.585028;6361246.488;6386785.630;50.021;-3.1;4.1;50.02121199;-3.08170885;4.14904207;-0.00000047
0.00000000;9.80105315;1.03333333;2022;10;20;15;53;25.000;2022;10;20;15;53;25.000;39.48200900;-0.33749700;59.881;1.038655;-1.268188;113.398974;6361246.465;6386785.622;50.021;-3.1;4.1;50.02105966;-3.07703478;4.14867833;-0.00000047
0.00000000;9.80105292;1.03333333;2022;10;20;15;53;26.000;2022;10;20;15;53;26.000;39.48199000;-0.33743000;60.042;0.964945;-1.426285;113.384419;6361246.445;6386785.615;50.021;-3.1;4.1;50.02091238;-3.07272196;4.14834923;-0.00000048
0.00000000;9.80105241;1.03333333;2022;10;20;15;53;27.000;2022;10;20;15;53;27.000;39.48197000;-0.33736100;60.183;1.013149;-1.083830;113.790624;6361246.423;6386785.608;50.021;-3.1;4.1;50.02076000;-3.06818913;4.14800281;-0.00000048
0.00000000;9.80105196;1.03333333;2022;10;20;15;53;28.000;2022;10;20;15;53;28.000;39.48195000;-0.33729300;60.257;0.609872;-1.585686;114.028977;6361246.401;6386785.601;50.021;-3.1;4.1;50.02060938;-3.06365636;4.14765639;-0.00000048
0.00000000;9.80105171;1.03333333;2022;10;20;15;53;29.000;2022;10;20;15;53;29.000;39.48193000;-0.33722500;60.432;0.500005;-1.751291;113.820369;6361246.379;6386785.593;50.020;-3.1;4.1;50.02045878;-3.06173802;4.14730997;-0.00000048
0.00000000;9.80105115;1.03333333;2022;10;20;15;53;30.000;2022;10;20;15;53;30.000;39.48191000;-0.33715700;60.479;0.797344;-1.314320;113.599071;6361246.357;6386785.586;50.020;-3.1;4.1;50.02030820;-3.06082844;4.14696355;-0.00000048
0.00000000;9.80105099;1.03333333;2022;10;20;15;53;30.999;2022;10;20;15;53;30.999;39.48189200;-0.33709200;60.860;0.922828;-1.220359;113.390381;6361246.337;6386785.580;50.020;-3.1;4.1;50.02016611;-3.05995898;4.14665178;-0.00000048
0.00000000;9.80104980;1.03333333;2022;10;20;15;53;31.999;2022;10;20;15;53;31.999;39.48187200;-0.33702900;61.032;0.693393;-1.640518;113.395504;6361246.315;6386785.572;50.020;-3.1;4.1;50.02002422;-3.05911628;4.14630536;-0.00000048
0.00000000;9.80104925;1.03333333;2022;10;20;15;53;33.000;2022;10;20;15;53;33.000;39.48185400;-0.33696300;61.028;0.962104;-1.396428;113.505135;6361246.295;6386785.566;50.020;-3.1;4.1;50.01988044;-3.05823345;4.14599358;-0.00000048
0.00000000;9.80104925;1.03333333;2022;10;20;15;53;34.000;2022;10;20;15;53;34.000;39.48183400;-0.33689800;61.099;0.556270;-1.578756;113.654751;6361246.273;6386785.558;50.020;-3.1;4.1;50.01973512;-3.05736400;4.14564717;-0.00000048
0.00000000;9.80104901;1.03333333;2022;10;20;15;53;35.000;2022;10;20;15;53;35.000;39.48181400;-0.33683200;61.053;0.270161;-1.049048;113.761418;6361246.251;6386785.551;50.020;-3.1;4.1;50.01958809;-3.05648117;4.14530075;-0.00000048
0.00000000;9.80104913;1.03333333;2022;10;20;15;53;35.999;2022;10;20;15;53;35.999;39.48179600;-0.33676500;61.052;0.311281;-1.760566;113.920466;6361246.232;6386785.544;50.019;-3.1;4.1;50.01944264;-3.05558496;4.14498897;-0.00000048
0.00000000;9.80104912;1.03333333;2022;10;20;15;53;36.999;2022;10;20;15;53;36.999;39.48177700;-0.33670000;61.012;0.736634;-1.441374;113.798649;6361246.211;6386785.537;50.019;-3.1;4.1;50.01929901;-3.05471551;4.14465988;-0.00000048
0.00000000;9.80104923;1.03333333;2022;10;20;15;53;38.000;2022;10;20;15;53;38.000;39.48176100;-0.33663300;61.059;0.870504;-0.787394;113.521419;6361246.193;6386785.531;50.019;-3.1;4.1;50.01915689;-3.05381930;4.14438275;-0.00000048
0.00000000;9.80104907;1.03333333;2022;10;20;15;53;38.999;2022;10;20;15;53;38.999;39.48174500;-0.33656800;61.316;-1.042785;-1.692167;113.690609;6361246.176;6386785.526;50.019;-3.1;4.1;50.01901823;-3.05294984;4.14410561;-0.00000049
0.00000000;9.80104826;1.03333333;2022;10;20;15;53;40.000;2022;10;20;15;53;40.000;39.48172600;-0.33650400;61.207;-0.791973;-1.633958;113.855517;6361246.155;6386785.519;50.019;-3.1;4.1;50.01887639;-3.05209377;4.14377652;-0.00000049
0.00000000;9.80104858;1.03333333;2022;10;20;15;53;41.000;2022;10;20;15;53;41.000;39.48170700;-0.33644000;61.119;-0.028335;-1.328609;114.039618;6361246.134;6386785.512;50.019;-3.1;4.1;50.01873456;-3.05123769;4.14344742;-0.00000048
0.00000000;9.80104883;1.03333333;2022;10;20;15;53;42.000;2022;10;20;15;53;42.000;39.48168700;-0.33637700;60.994;0.163110;-1.558549;113.976166;6361246.112;6386785.504;50.019;-3.1;4.1;50.01859284;-3.05039499;4.14310101;-0.00000048
0.00000000;9.80104920;1.03333333;2022;10;20;15;53;43.000;2022;10;20;15;53;43.000;39.48166800;-0.33630900;60.697;1.272804;-1.322076;113.469940;6361246.091;6386785.497;50.018;-3.0;4.1;50.01844414;-3.04948541;4.14277191;-0.00000048
0.00000000;9.80105010;1.03333333;2022;10;20;15;53;43.999;2022;10;20;15;53;43.999;39.48164800;-0.33623600;60.344;0.693131;-1.575976;113.194942;6361246.069;6386785.490;50.018;-3.0;4.1;50.01828518;-3.04850894;4.14242549;-0.00000048
0.00000000;9.80105117;1.03333333;2022;10;20;15;53;44.999;2022;10;20;15;53;44.999;39.48162700;-0.33616000;60.179;0.775283;-1.292053;113.382677;6361246.046;6386785.482;50.018;-3.0;4.1;50.01811941;-3.04749235;4.14206176;-0.00000048
0.00000000;9.80105166;1.03333333;2022;10;20;15;53;46.000;2022;10;20;15;53;46.000;39.48160600;-0.33608000;60.255;0.402359;-0.919450;113.464865;6361246.023;6386785.474;50.018;-3.0;4.1;50.01794676;-3.04642225;4.14169802;-0.00000048
0.00000000;9.80105141;1.03333333;2022;10;20;15;53;46.999;2022;10;20;15;53;46.999;39.48158300;-0.33599800;60.276;0.990843;-0.109296;113.561806;6361245.998;6386785.466;50.018;-3.0;4.1;50.01776740;-3.04532540;4.14129965;-0.00000048
0.00000000;9.80105133;1.03333333;2022;10;20;15;53;48.000;2022;10;20;15;53;48.000;39.48156000;-0.33591500;60.361;1.231347;-1.494608;113.443438;6361245.973;6386785.458;50.018;-3.0;4.1;50.01758634;-3.04421518;4.14090127;-0.00000048
0.00000000;9.80105104;1.03333333;2022;10;20;15;53;49.000;2022;10;20;15;53;49.000;39.48153700;-0.33583200;60.413;1.609518;-1.315744;113.311151;6361245.947;6386785.449;50.017;-3.0;4.1;50.01740530;-3.04310495;4.14050289;-0.00000048
0.00000000;9.80105086;1.03333333;2022;10;20;15;53;50.000;2022;10;20;15;53;50.000;39.48151500;-0.33574900;60.382;1.467511;-1.964266;113.228410;6361245.923;6386785.441;50.017;-3.0;4.1;50.01722593;-3.04199472;4.14012184;-0.00000048
0.00000000;9.80105094;1.03333333;2022;10;20;15;53;51.000;2022;10;20;15;53;51.000;39.48149300;-0.33566600;60.279;1.241268;-1.660256;113.221737;6361245.899;6386785.433;50.017;-3.0;4.1;50.01704659;-3.04088450;4.13974078;-0.00000048
0.00000000;9.80105124;1.03333333;2022;10;20;15;53;52.000;2022;10;20;15;53;52.000;39.48146900;-0.33558300;60.263;1.587878;-1.126667;113.265123;6361245.873;6386785.424;50.017;-3.0;4.1;50.01686400;-3.03977427;4.13932508;-0.00000048
0.00000000;9.80105126;1.03333333;2022;10;20;15;53;53.000;2022;10;20;15;53;53.000;39.48144600;-0.33550000;60.330;1.273850;-1.453954;113.388790;6361245.848;6386785.416;50.017;-3.0;4.1;50.01668308;-3.03866404;4.13892671;-0.00000048
0.00000000;9.80105104;1.03333333;2022;10;20;15;53;54.000;2022;10;20;15;53;54.000;39.48142400;-0.33541700;60.336;0.934324;-1.369163;113.445037;6361245.823;6386785.408;50.017;-3.0;4.1;50.01650382;-3.03755382;4.13854565;-0.00000048
0.00000000;9.80105100;1.03333333;2022;10;20;15;53;55.000;2022;10;20;15;53;55.000;39.48140000;-0.33533600;60.366;1.602058;-1.480815;113.424232;6361245.797;6386785.399;50.016;-3.0;4.1;50.01632476;-3.03647035;4.13812996;-0.00000048
0.00000000;9.80105089;1.03333333;2022;10;20;15;53;56.000;2022;10;20;15;53;56.000;39.48137800;-0.33525500;60.312;1.109046;-1.602782;113.468020;6361245.773;6386785.391;50.016;-3.0;4.1;50.01614901;-3.03538687;4.13774890;-0.00000048
0.00000000;9.80105103;1.03333333;2022;10;20;15;53;57.000;2022;10;20;15;53;57.000;39.48135500;-0.33517500;60.211;1.360266;-1.598519;113.588505;6361245.748;6386785.382;50.016;-3.0;4.1;50.01597337;-3.03431677;4.13735053;-0.00000048
0.00000000;9.80105132;1.03333333;2022;10;20;15;53;58.000;2022;10;20;15;53;58.000;39.48133200;-0.33509500;60.155;1.020545;-1.452472;113.938914;6361245.723;6386785.374;50.016;-3.0;4.1;50.01579776;-3.03324668;4.13695216;-0.00000048
0.00000000;9.80105148;1.03333333;2022;10;20;15;53;59.000;2022;10;20;15;53;59.000;39.48130900;-0.33501600;60.028;0.555462;-1.619754;114.579531;6361245.697;6386785.365;50.016;-3.0;4.1;50.01562389;-3.03218996;4.13655378;-0.00000048
0.00000000;9.80105185;1.03333333;2022;10;20;15;54;0.000;2022;10;20;15;54;0.000;39.48128500;-0.33493800;59.858;1.082909;-1.911930;114.588151;6361245.671;6386785.357;50.015;-3.0;4.1;50.01545015;-3.03114661;4.13613809;-0.00000047
0.00000000;9.80105235;1.03333333;2022;10;20;15;54;1.000;2022;10;20;15;54;1.000;39.48126300;-0.33486300;59.749;0.888582;-1.505790;113.911846;6361245.647;6386785.349;50.015;-3.0;4.1;50.01528488;-3.03014340;4.13575704;-0.00000047
0.00000000;9.80105267;1.03333333;2022;10;20;15;54;2.000;2022;10;20;15;54;2.000;39.48124100;-0.33479000;59.715;1.262525;-1.345890;113.243205;6361245.623;6386785.340;50.015;-3.0;4.1;50.01512308;-3.02916693;4.13537598;-0.00000047
0.00000000;9.80105275;1.03333333;2022;10;20;15;54;3.000;2022;10;20;15;54;3.000;39.48122200;-0.33471800;59.602;1.711984;-1.277695;112.350485;6361245.602;6386785.333;50.015;-3.0;4.1;50.01496791;-3.02820385;4.13463730;-0.00000047
0.00000000;9.80105309;1.03333333;2022;10;20;15;54;4.000;2022;10;20;15;54;4.000;39.48120400;-0.33464800;59.618;2.296679;-1.728818;111.386534;6361245.582;6386785.327;50.015;-3.0;4.1;50.01481784;-3.02726751;4.12753912;-0.00000047
0.00000000;9.80105302;1.03333333;2022;10;20;15;54;5.000;2022;10;20;15;54;5.000;39.48118600;-0.33457900;59.556;1.576873;-1.450094;110.838322;6361245.562;6386785.320;50.015;-3.0;4.1;50.01466952;-3.02634455;4.12054567;-0.00000047
0.00000000;9.80105320;1.03333333;2022;10;20;15;54;5.999;2022;10;20;15;54;5.999;39.48117000;-0.33450900;59.364;1.187381;-1.470874;111.312809;6361245.545;6386785.314;50.015;-3.0;4.1;50.01452275;-3.02540821;4.11349641;-0.00000047
0.00000000;9.80105377;1.03333333;2022;10;20;15;54;7.000;2022;10;20;15;54;7.000;39.48115100;-0.33444100;59.220;0.871758;-1.405234;113.384467;6361245.524;6386785.307;50.014;-3.0;4.1;50.01437456;-3.02449863;4.10659838;-0.00000047
0.00000000;9.80105420;1.03333333;2022;10;20;15;54;8.000;2022;10;20;15;54;8.000;39.48113200;-0.33437600;59.126;0.467573;-1.637613;115.206153;6361245.503;6386785.300;50.014;-3.0;4.1;50.01423155;-3.02362918;4.09999856;-0.00000047
0.00000000;9.80105447;1.03333333;2022;10;20;15;54;9.000;2022;10;20;15;54;9.000;39.48111200;-0.33431100;58.892;1.428410;-1.469440;114.868113;6361245.481;6386785.293;50.014;-3.0;4.1;50.01408694;-3.02275972;4.09339037;-0.00000047
0.00000000;9.80105518;1.03333333;2022;10;20;15;54;10.000;2022;10;20;15;54;10.000;39.48109400;-0.33424500;58.818;1.348964;-1.530367;110.560197;6361245.461;6386785.286;50.014;-3.0;4.1;50.01394388;-3.02187689;4.08672534;-0.00000047
0.00000000;9.80105539;1.03333333;2022;10;20;15;54;11.000;2022;10;20;15;54;11.000;39.48108200;-0.33417700;58.617;1.307004;-1.403243;101.608360;6361245.448;6386785.282;50.014;-3.0;4.1;50.01380714;-3.02096730;4.07996834;-0.00000046
0.00000000;9.80105600;1.03333333;2022;10;20;15;54;12.000;2022;10;20;15;54;12.000;39.48108100;-0.33410900;58.505;1.001322;-1.828191;86.915892;6361245.447;6386785.282;50.014;-3.0;4.1;50.01368830;-3.02005771;4.07338597;-0.00000046
0.00000000;9.80105635;1.03333333;2022;10;20;15;54;13.000;2022;10;20;15;54;13.000;39.48109600;-0.33404400;58.349;0.823022;-1.830921;67.354900;6361245.464;6386785.287;50.014;-3.0;4.1;50.01360063;-3.01918824;4.06733712;-0.00000046
0.00000000;9.80105684;1.03333333;2022;10;20;15;54;14.000;2022;10;20;15;54;14.000;39.48112700;-0.33399000;58.153;0.703665;-1.773426;46.314379;6361245.498;6386785.299;50.014;-3.0;4.1;50.01355791;-3.01846590;4.06258621;-0.00000046
0.00000000;9.80105747;1.03333333;2022;10;20;15;54;15.000;2022;10;20;15;54;15.000;39.48116900;-0.33395500;58.015;1.009432;-1.647993;26.048554;6361245.544;6386785.314;50.014;-3.0;4.1;50.01356579;-3.01799771;4.05982856;-0.00000046
0.00000000;9.80105794;1.03333333;2022;10;20;15;54;16.000;2022;10;20;15;54;16.000;39.48121900;-0.33394000;57.833;1.095471;-1.779756;7.898658;6361245.599;6386785.332;50.014;-3.0;4.1;50.01362114;-3.01779704;4.05912036;-0.00000046
0.00000000;9.80105854;1.03333333;2022;10;20;15;54;16.999;2022;10;20;15;54;16.999;39.48127000;-0.33394400;57.750;1.411697;-0.972805;-7.219662;6361245.655;6386785.351;50.014;-3.0;4.1;50.01371089;-3.01785051;4.06026834;-0.00000046
0.00000000;9.80105884;1.03333333;2022;10;20;15;54;18.000;2022;10;20;15;54;18.000;39.48131900;-0.33396500;57.675;1.172605;-1.032124;-22.585267;6361245.708;6386785.369;50.014;-3.0;4.1;50.01382672;-3.01813139;4.06304201;-0.00000046
0.00000000;9.80105912;1.03333333;2022;10;20;15;54;19.000;2022;10;20;15;54;19.000;39.48136000;-0.33400200;57.573;1.070970;-1.087759;-39.295858;6361245.753;6386785.384;50.014;-3.0;4.1;50.01395718;-3.01862630;4.06726082;-0.00000046
0.00000000;9.80105947;1.03333333;2022;10;20;15;54;20.000;2022;10;20;15;54;20.000;39.48139000;-0.33405200;57.559;0.641209;-1.006745;-57.740917;6361245.786;6386785.395;50.014;-3.0;4.1;50.01409222;-3.01929510;4.07258979;-0.00000046
0.00000000;9.80105954;1.03333333;2022;10;20;15;54;21.000;2022;10;20;15;54;21.000;39.48140500;-0.33410900;57.534;0.172591;-1.461956;-76.041739;6361245.803;6386785.401;50.014;-3.0;4.1;50.01421499;-3.02005754;4.07838024;-0.00000046
0.00000000;9.80105963;1.03333333;2022;10;20;15;54;22.000;2022;10;20;15;54;22.000;39.48140800;-0.33416900;57.393;0.065306;-0.986963;-86.242053;6361245.806;6386785.402;50.014;-3.0;4.1;50.01432344;-3.02086012;4.08428165;-0.00000046
0.00000000;9.80106007;1.03333333;2022;10;20;15;54;23.000;2022;10;20;15;54;23.000;39.48140500;-0.33422700;57.342;0.299523;-1.451420;-95.185585;6361245.803;6386785.401;50.014;-3.0;4.1;50.01441867;-3.02163595;4.08989431;-0.00000045
0.00000000;9.80106022;1.03333333;2022;10;20;15;54;24.000;2022;10;20;15;54;24.000;39.48139200;-0.33428100;57.247;0.112363;-1.169173;-109.737009;6361245.788;6386785.396;50.014;-3.0;4.1;50.01449073;-3.02235829;4.09495613;-0.00000045
0.00000000;9.80106050;1.03333333;2022;10;20;15;54;25.000;2022;10;20;15;54;25.000;39.48136900;-0.33432900;57.311;0.333408;-1.072303;-125.636344;6361245.763;6386785.387;50.015;-3.0;4.1;50.01453616;-3.02300036;4.09926762;-0.00000045
0.00000000;9.80106029;1.03333333;2022;10;20;15;54;26.000;2022;10;20;15;54;26.000;39.48133600;-0.33437000;57.211;-0.012469;-1.254207;-135.837750;6361245.727;6386785.375;50.015;-3.0;4.1;50.01455321;-3.02354881;4.10272823;-0.00000045
0.00000000;9.80106056;1.03333333;2022;10;20;15;54;27.000;2022;10;20;15;54;27.000;39.48130200;-0.33440700;57.126;-0.428434;-1.312964;-132.745573;6361245.690;6386785.363;50.015;-3.0;4.1;50.01456172;-3.02404375;4.10577505;-0.00000045
0.00000000;9.80106080;1.03333333;2022;10;20;15;54;28.000;2022;10;20;15;54;28.000;39.48127300;-0.33445100;57.107;-0.718079;-1.396484;-120.163177;6361245.658;6386785.352;50.015;-3.0;4.1;50.01459042;-3.02463233;4.10957650;-0.00000045
0.00000000;9.80106083;1.03333333;2022;10;20;15;54;29.000;2022;10;20;15;54;29.000;39.48125200;-0.33450300;56.969;-1.060029;-1.247908;-105.824697;6361245.635;6386785.345;50.015;-3.0;4.1;50.01464593;-3.02532791;4.11427974;-0.00000045
0.00000000;9.80106124;1.03333333;2022;10;20;15;54;30.000;2022;10;20;15;54;30.000;39.48124300;-0.33456200;56.900;-0.044281;-1.455938;-92.523252;6361245.625;6386785.341;50.015;-3.0;4.1;50.01473305;-3.02611712;4.11985732;-0.00000045
0.00000000;9.80106144;1.03333333;2022;10;20;15;54;31.000;2022;10;20;15;54;31.000;39.48124300;-0.33462100;56.935;0.804231;-0.920822;-81.389504;6361245.625;6386785.341;50.015;-3.0;4.1;50.01483482;-3.02690633;4.12558464;-0.00000045
0.00000000;9.80106133;1.03333333;2022;10;20;15;54;32.000;2022;10;20;15;54;32.000;39.48125000;-0.33468100;57.018;0.477101;-1.534063;-73.792367;6361245.633;6386785.344;50.015;-3.0;4.1;50.01494972;-3.02770891;4.13152939;-0.00000045
0.00000000;9.80106108;1.03333333;2022;10;20;15;54;33.000;2022;10;20;15;54;33.000;39.48126200;-0.33474200;57.062;0.712680;-1.166481;-69.474396;6361245.646;6386785.348;50.015;-3.0;4.1;50.01507451;-3.02852486;4.13573971;-0.00000045
0.00000000;9.80106096;1.03333333;2022;10;20;15;54;34.000;2022;10;20;15;54;34.000;39.48127800;-0.33480500;57.093;1.043877;-1.220446;-67.292567;6361245.663;6386785.354;50.015;-3.0;4.1;50.01520928;-3.02936756;4.13601684;-0.00000045
0.00000000;9.80106088;1.03333333;2022;10;20;15;54;34.999;2022;10;20;15;54;34.999;39.48129600;-0.33487100;57.220;0.769696;-0.722173;-66.547797;6361245.683;6386785.361;50.015;-3.0;4.1;50.01535250;-3.03025039;4.13632861;-0.00000045
0.00000000;9.80106050;1.03333333;2022;10;20;15;54;36.000;2022;10;20;15;54;36.000;39.48131500;-0.33493800;57.341;0.822465;-1.074928;-66.603654;6361245.704;6386785.368;50.015;-3.0;4.1;50.01549910;-3.03114660;4.13665771;-0.00000045
0.00000000;9.80106015;1.03333333;2022;10;20;15;54;37.000;2022;10;20;15;54;37.000;39.48133300;-0.33500600;57.470;0.742292;-1.263821;-66.498189;6361245.724;6386785.374;50.016;-3.0;4.1;50.01564581;-3.03205618;4.13696948;-0.00000046
0.00000000;9.80105976;1.03333333;2022;10;20;15;54;38.000;2022;10;20;15;54;38.000;39.48135200;-0.33507100;57.540;0.693649;-0.915386;-66.575076;6361245.744;6386785.381;50.016;-3.0;4.1;50.01578899;-3.03292563;4.13729857;-0.00000046
0.00000000;9.80105956;1.03333333;2022;10;20;15;54;39.000;2022;10;20;15;54;39.000;39.48137000;-0.33513500;57.589;0.676108;-1.307389;-66.626842;6361245.764;6386785.388;50.016;-3.0;4.1;50.01592883;-3.03378171;4.13761034;-0.00000046
0.00000000;9.80105943;1.03333333;2022;10;20;15;54;40.000;2022;10;20;15;54;40.000;39.48138800;-0.33519800;57.655;0.754479;-1.213912;-66.197080;6361245.784;6386785.394;50.016;-3.0;4.1;50.01606696;-3.03462441;4.13792211;-0.00000046
0.00000000;9.80105924;1.03333333;2022;10;20;15;54;40.999;2022;10;20;15;54;40.999;39.48140600;-0.33525800;57.781;0.825617;-1.035194;-65.656894;6361245.804;6386785.401;50.016;-3.0;4.1;50.01619993;-3.03542699;4.13823388;-0.00000046
0.00000000;9.80105887;1.03333333;2022;10;20;15;54;41.999;2022;10;20;15;54;41.999;39.48142400;-0.33531700;57.783;0.891694;-1.486365;-65.762817;6361245.823;6386785.408;50.016;-3.0;4.1;50.01633119;-3.03621618;4.13854565;-0.00000046
0.00000000;9.80105888;1.03333333;2022;10;20;15;54;42.999;2022;10;20;15;54;42.999;39.48144000;-0.33537200;57.791;0.802671;-1.361804;-65.602560;6361245.841;6386785.414;50.016;-3.0;4.1;50.01645229;-3.03695187;4.13882279;-0.00000046
0.00000000;9.80105887;1.03333333;2022;10;20;15;54;43.999;2022;10;20;15;54;43.999;39.48145400;-0.33541600;57.875;0.568570;-1.312772;-62.489394;6361245.856;6386785.419;50.017;-3.0;4.1;50.01655114;-3.03754043;4.13906527;-0.00000046
0.00000000;9.80105862;1.03333333;2022;10;20;15;54;45.000;2022;10;20;15;54;45.000;39.48146700;-0.33544700;57.892;1.185339;-1.477699;-52.893750;6361245.871;6386785.423;50.017;-3.0;4.1;50.01662592;-3.03795509;4.13929044;-0.00000046
0.00000000;9.80105858;1.03333333;2022;10;20;15;54;46.000;2022;10;20;15;54;46.000;39.48148300;-0.33547100;57.721;2.000650;-2.132448;-46.447206;6361245.888;6386785.429;50.017;-3.0;4.1;50.01669352;-3.03827611;4.13956757;-0.00000046
0.00000000;9.80105912;1.03333333;2022;10;20;15;54;47.000;2022;10;20;15;54;47.000;39.48149600;-0.33549200;57.630;2.233333;-1.953261;-51.777390;6361245.902;6386785.434;50.017;-3.0;4.1;50.01675104;-3.03855701;4.13979274;-0.00000046
0.00000000;9.80105941;1.03333333;2022;10;20;15;54;48.000;2022;10;20;15;54;48.000;39.48150400;-0.33551200;57.509;2.020549;-1.561484;-63.061989;6361245.911;6386785.437;50.017;-3.0;4.1;50.01679866;-3.03882453;4.13993131;-0.00000046
0.00000000;9.80105979;1.03333333;2022;10;20;15;54;49.000;2022;10;20;15;54;49.000;39.48150800;-0.33552600;57.511;1.645745;-1.427367;-69.715686;6361245.916;6386785.439;50.017;-3.0;4.1;50.01682938;-3.03901180;4.14000059;-0.00000046
0.00000000;9.80105979;1.03333333;2022;10;20;15;54;50.000;2022;10;20;15;54;50.000;39.48150800;-0.33552900;57.538;1.631334;-1.262721;-69.986572;6361245.916;6386785.439;50.017;-3.0;4.1;50.01683456;-3.03905193;4.14000059;-0.00000046
0.00000000;9.80105971;1.03333333;2022;10;20;15;54;51.000;2022;10;20;15;54;51.000;39.48150800;-0.33552900;57.456;1.604581;-1.256694;-69.997008;6361245.916;6386785.439;50.017;-3.0;4.1;50.01683456;-3.03905193;4.14000059;-0.00000046
0.00000000;9.80105996;1.03333333;2022;10;20;15;54;52.000;2022;10;20;15;54;52.000;39.48150800;-0.33552900;57.314;1.617474;-1.257138;-69.993648;6361245.916;6386785.439;50.017;-3.0;4.1;50.01683456;-3.03905193;4.14000059;-0.00000045
0.00000000;9.80106040;1.03333333;2022;10;20;15;54;53.000;2022;10;20;15;54;53.000;39.48150700;-0.33552900;57.148;1.605731;-1.260853;-69.990656;6361245.915;6386785.438;50.017;-3.0;4.1;50.01683293;-3.03905193;4.13998327;-0.00000045
0.00000000;9.80106091;1.03333333;2022;10;20;15;54;54.000;2022;10;20;15;54;54.000;39.48150700;-0.33552900;57.003;1.605264;-1.260614;-69.984809;6361245.915;6386785.438;50.017;-3.0;4.1;50.01683293;-3.03905193;4.13998327;-0.00000045
0.00000000;9.80106136;1.03333333;2022;10;20;15;54;55.000;2022;10;20;15;54;55.000;39.48150600;-0.33552900;56.828;1.561843;-1.247784;-69.985035;6361245.913;6386785.438;50.017;-3.0;4.1;50.01683129;-3.03905193;4.13996595;-0.00000045
0.00000000;9.80106190;1.03333333;2022;10;20;15;54;56.000;2022;10;20;15;54;56.000;39.48150600;-0.33552900;56.622;1.637074;-1.344479;-69.992015;6361245.913;6386785.438;50.017;-3.0;4.1;50.01683129;-3.03905193;4.13996595;-0.00000045
0.00000000;9.80106253;1.03333333;2022;10;20;15;54;57.000;2022;10;20;15;54;57.000;39.48150600;-0.33553000;56.452;1.719238;-1.330670;-69.999788;6361245.913;6386785.438;50.017;-3.0;4.1;50.01683302;-3.03906530;4.13996595;-0.00000045
0.00000000;9.80106306;1.03333333;2022;10;20;15;54;58.000;2022;10;20;15;54;58.000;39.48150600;-0.33553000;56.315;1.740416;-1.328888;-70.005150;6361245.913;6386785.438;50.017;-3.0;4.1;50.01683302;-3.03906530;4.13996595;-0.00000045
0.00000000;9.80106348;1.03333333;2022;10;20;15;54;59.000;2022;10;20;15;54;59.000;39.48150600;-0.33553100;56.187;1.461161;-1.292466;-69.996434;6361245.913;6386785.438;50.017;-3.0;4.1;50.01683475;-3.03907868;4.13996595;-0.00000045
0.00000000;9.80106388;1.03333333;2022;10;20;15;55;0.000;2022;10;20;15;55;0.000;39.48150600;-0.33553100;56.037;1.498421;-1.265566;-70.002131;6361245.913;6386785.438;50.017;-3.0;4.1;50.01683475;-3.03907868;4.13996595;-0.00000044
0.00000000;9.80106434;1.03333333;2022;10;20;15;55;1.000;2022;10;20;15;55;1.000;39.48150600;-0.33553200;55.921;1.491127;-1.260274;-70.010641;6361245.913;6386785.438;50.017;-3.0;4.1;50.01683647;-3.03909206;4.13996595;-0.00000044
0.00000000;9.80106470;1.03333333;2022;10;20;15;55;2.000;2022;10;20;15;55;2.000;39.48150600;-0.33553200;55.846;1.487590;-1.255070;-70.014889;6361245.913;6386785.438;50.017;-3.0;4.1;50.01683647;-3.03909206;4.13996595;-0.00000044
0.00000000;9.80106493;1.03333333;2022;10;20;15;55;3.000;2022;10;20;15;55;3.000;39.48150700;-0.33553300;55.783;1.489811;-1.250797;-70.017676;6361245.915;6386785.438;50.017;-3.0;4.1;50.01683984;-3.03910543;4.13998327;-0.00000044
0.00000000;9.80106512;1.03333333;2022;10;20;15;55;4.000;2022;10;20;15;55;4.000;39.48150700;-0.33553300;55.731;1.489396;-1.250509;-70.022608;6361245.915;6386785.438;50.017;-3.0;4.1;50.01683984;-3.03910543;4.13998327;-0.00000044
0.00000000;9.80106528;1.03333333;2022;10;20;15;55;5.000;2022;10;20;15;55;5.000;39.48150700;-0.33553300;55.729;1.485586;-1.243411;-70.004064;6361245.915;6386785.438;50.017;-3.0;4.1;50.01683984;-3.03910543;4.13998327;-0.00000044
0.00000000;9.80106529;1.03333333;2022;10;20;15;55;6.000;2022;10;20;15;55;6.000;39.48150700;-0.33553300;55.723;1.487656;-1.247333;-69.980984;6361245.915;6386785.438;50.017;-3.0;4.1;50.01683984;-3.03910543;4.13998327;-0.00000044
0.00000000;9.80106531;1.03333333;2022;10;20;15;55;7.000;2022;10;20;15;55;7.000;39.48150600;-0.33553300;55.701;1.489668;-1.247145;-69.965432;6361245.913;6386785.438;50.017;-3.0;4.1;50.01683820;-3.03910543;4.13996595;-0.00000044
0.00000000;9.80106538;1.03333333;2022;10;20;15;55;8.000;2022;10;20;15;55;8.000;39.48150600;-0.33553300;55.708;1.487731;-1.242079;-69.946690;6361245.913;6386785.438;50.017;-3.0;4.1;50.01683820;-3.03910543;4.13996595;-0.00000044
0.00000000;9.80106535;1.03333333;2022;10;20;15;55;9.000;2022;10;20;15;55;9.000;39.48150600;-0.33553400;55.805;1.496265;-1.244161;-69.924950;6361245.913;6386785.438;50.017;-3.0;4.1;50.01683993;-3.03911881;4.13996595;-0.00000044
0.00000000;9.80106505;1.03333333;2022;10;20;15;55;10.000;2022;10;20;15;55;10.000;39.48150700;-0.33553400;55.856;1.485113;-1.245400;-69.922791;6361245.915;6386785.438;50.017;-3.0;4.1;50.01684156;-3.03911881;4.13998327;-0.00000044
0.00000000;9.80106490;1.03333333;2022;10;20;15;55;11.000;2022;10;20;15;55;11.000;39.48150600;-0.33553400;56.152;1.413625;-1.257156;-69.918440;6361245.913;6386785.438;50.017;-3.0;4.1;50.01683993;-3.03911881;4.13996595;-0.00000045
0.00000000;9.80106398;1.03333333;2022;10;20;15;55;12.000;2022;10;20;15;55;12.000;39.48150600;-0.33553500;56.408;1.458558;-1.258795;-69.913359;6361245.913;6386785.438;50.017;-3.0;4.1;50.01684165;-3.03913219;4.13996595;-0.00000045
0.00000000;9.80106319;1.03333333;2022;10;20;15;55;13.000;2022;10;20;15;55;13.000;39.48150600;-0.33553500;56.641;1.461174;-1.274910;-69.908892;6361245.913;6386785.438;50.017;-3.0;4.1;50.01684165;-3.03913219;4.13996595;-0.00000045
0.00000000;9.80106247;1.03333333;